<?xml version="1.0" encoding="UTF-8" standalone="no"?>
<BlockMap xmlns="http://schemas.microsoft.com/appx/2010/blockmap" HashMethod="http://www.w3.org/2001/04/xmlenc#sha256"><File Name="BuildInfo.xml" Size="342" LfhSize="43"><Block Hash="jcUqpEtUO3kSUqme2txVxfDrSzeDuPqYn/a+8BA6iB4=" Size="230"/></File><File Name="CascadiaCode.ttf" Size="649748" LfhSize="46"><Block Hash="PpT/jU+k856LfVt20r7n/PRNm+JkFHeQh8ryFRqvm5o=" Size="33612"/><Block Hash="58ivX1eUML8YCv//W8UHTy9G58NeGVxWH1sx3GppX44=" Size="31362"/><Block Hash="fElxPrwj9i0weh+lMwu6aqerDIp4f1DLM7YOLvOfUVE=" Size="33937"/><Block Hash="6J/RdwVahkFpANTNvYgQNxzv7KWTJS220jQdzzbLIZQ=" Size="19322"/><Block Hash="LNU0gphy/nLFbRjuyZfJhvFGXKc2ERxmwven9aNk1z0=" Size="26824"/><Block Hash="sLkb+bscCjkxVp5AeLte0TfV+3ysrQGj/c4uBROP9lI=" Size="28226"/><Block Hash="KJZckYiZ1OZL+zPAgXAKudC6GRZfVgWcTatX5tSbdUs=" Size="36717"/><Block Hash="sj2cxytecA9F2o4izYDjQDwJYsid7cjQVkm5DvxnSY0=" Size="25183"/><Block Hash="nYxTpKmen3wZ+gajRPUR3R44fkLEvUt6hFuW8tS5b9g=" Size="31141"/><Block Hash="6eU/SHjpcwqyDEpfC9aF9kctSHZLXkCsrGqqAECiCso=" Size="15640"/></File><File Name="CascadiaCodeItalic.ttf" Size="443652" LfhSize="52"><Block Hash="6P7P/eoyWaolgxgFNQNHjojkY03R5QkkhHjLj9uMO6o=" Size="35296"/><Block Hash="tH1Ium9EsRaOlVV5lwXD3hE1m2vQDZaTITUpzIljoGM=" Size="34196"/><Block Hash="c1LbQBusJh/m2XpsRXETPUQ1CelDAxEpfuFC0YP1hYE=" Size="19029"/><Block Hash="pD6kRORvt+6o/tthL+rr4/Ew3E+3YI78/t2VRt87a9s=" Size="27734"/><Block Hash="+ofl6kfc5+usap/RAnhHNu2NmzGlk1+yWpHit24GPo8=" Size="40023"/><Block Hash="Unwei69ZoPkU33fxDp6jeH3Deg4KqvHOhh3t8wUIgWU=" Size="29554"/><Block Hash="JyenqIFIUqSQIVwa9UNarjLrNY7r0nzKGXp0wQRyVXM=" Size="12088"/></File><File Name="CascadiaMono.ttf" Size="625440" LfhSize="46"><Block Hash="3Baisg8ak5TO1iqMlMHI23WFQlef+N/TUg2/LY20s9g=" Size="33614"/><Block Hash="58ivX1eUML8YCv//W8UHTy9G58NeGVxWH1sx3GppX44=" Size="31362"/><Block Hash="fElxPrwj9i0weh+lMwu6aqerDIp4f1DLM7YOLvOfUVE=" Size="33937"/><Block Hash="6J/RdwVahkFpANTNvYgQNxzv7KWTJS220jQdzzbLIZQ=" Size="19322"/><Block Hash="4nJ+EooqXS4EhRVZDBp9qFuUeRGXVclMz2dWGf5WTOo=" Size="26825"/><Block Hash="gDSPRf9iLr+ItrP/DIuFP5mB8XmPd0eWkTS8xdIA9VU=" Size="30973"/><Block Hash="zIHEk7GYOnYc2gPKKyF48F7vv8/QCzzUdDD2RMD2dyQ=" Size="32080"/><Block Hash="DH8Zja8AoA+NaLzDlN18DopK11rB474Dk05Ny7CwOsc=" Size="30315"/><Block Hash="QNGa5xoCH5RIpddjemRz8pS2W2cSBzdLv8sX1VjF3pA=" Size="17604"/><Block Hash="s2cHVfIo0whz27oarF3qh+1kWcSYEt5Bul9MnapPgCg=" Size="14640"/></File><File Name="CascadiaMonoItalic.ttf" Size="426924" LfhSize="52"><Block Hash="BVuP8SvhI+BgPNIdKjn1L467r+2RzkySYiuEJu9/utQ=" Size="35295"/><Block Hash="tH1Ium9EsRaOlVV5lwXD3hE1m2vQDZaTITUpzIljoGM=" Size="34196"/><Block Hash="c1LbQBusJh/m2XpsRXETPUQ1CelDAxEpfuFC0YP1hYE=" Size="19029"/><Block Hash="kiGyOXbq4rq3CmSNx+I1IsqXmEK1jh4GoSpouKnPgdA=" Size="30368"/><Block Hash="8Kh7uH1jvTFds6JpXLPf+/QHMbnjDN4W9SQpbIHm2pE=" Size="39673"/><Block Hash="rxexEP04lxorFSLUA3pjd0/+D4VgBaSvuRVrxkHzmR0=" Size="20440"/><Block Hash="YdhCpku8YhjPQk52Tj7otGreuh/FeR/SLMiM52eLwfc=" Size="11426"/></File><File Name="concrt140.dll" Size="315784" LfhSize="43"><Block Hash="NnwHC61RDS2prvNiCIaer6M4PHsJDcyvivJSXYr0R8Q=" Size="30122"/><Block Hash="4t8G9PdjNv5iCNnRVw6kjPmgegBBU8Per9RuPL6+j/U=" Size="37072"/><Block Hash="n7Ax9AUh5WQ9HX5w4R3y5R9RlczsQFnaJ+yaFPyChFQ=" Size="33154"/><Block Hash="1lvdEu2TetSjxA8DHTDf4WaLBATmBl+8TgGEpxXoggg=" Size="22429"/><Block Hash="tQK0rTeqYdPucI+GYb92aQmjWdJKJ24qmI0NrsP5kCw=" Size="20199"/></File><File Name="concrt140_app.dll" Size="49152" LfhSize="47"><Block Hash="KkPPZN8CW4eiQeODqUYjfkm1z1rhHt0+xV5eJoJedHE=" Size="10350"/></File><File Name="cpprest142_2_10.dll" Size="1072640" LfhSize="49"><Block Hash="y1X9BCmpaeKVEOuvXM3TWPdUSDqBPYqDGdVGioshrNE=" Size="29632"/><Block Hash="bv+4WVgZk8JNpIEmnv52rPeHZ/op+6x6z8BZT1WSmhQ=" Size="20038"/><Block Hash="XjXHFbIW8wLzjoGWZDzCw0gdVsrZcyganc5gXbfqH0s=" Size="25956"/><Block Hash="WriGGl33kvMmWG3Tn7yhDZI5T05PZf2snCAjF8q3oxI=" Size="24498"/><Block Hash="hGM7NMQSdqdOqHDHD/Oe0wmiAKw/5anM8k9IM/zw47I=" Size="28592"/><Block Hash="/KkuCDdvThcBpaBmyowVghgwsV5SGoWn1HcCYxUMptw=" Size="29191"/><Block Hash="18/FH8z+iwsCidi1VgYyOTDKEmdnwRvrV+IbVuXHJ9M=" Size="28671"/><Block Hash="rpExhG+RRwUjOB2yhI7sJFWyKbViycReoKwrg0OlML8=" Size="25924"/><Block Hash="+wjVqNq/E/ZZ1MPy0lW+20ylCbxhucZ5YgFMw3QZF1A=" Size="18561"/><Block Hash="LQ5rthtFu40Y93tpTbbMnBe07PTUWYCLQBkk7e57oMk=" Size="22558"/><Block Hash="wvXkeDEMZ6vj56CvTIECHr16GDcX7KzI7PA70U59hj4=" Size="15936"/><Block Hash="gdzH4eK7Pz1N3E10EgKRJLgYCGQBJrusarv4nhWSvds=" Size="16567"/><Block Hash="wDaHwMU5BgcXuMzrhlqtxkeJL3L/IcPetWupP3TmAVg=" Size="30320"/><Block Hash="lp1Evr73pM8uL/HrIdFm9GDGPsepg+6aco1r+bWnbgc=" Size="10754"/><Block Hash="R5rFa452OqmZKjC0ybptmRE1b2v99tIhn0t+nTNzZoo=" Size="10630"/><Block Hash="0S9UeR24YER/13tfhmnHyFAH2N4qceffCOBQtdDQ3yc=" Size="16799"/><Block Hash="zx1QmEb722kR1DYcHnIlaH+fDa5o6PUYVQUJP9qQkis=" Size="8469"/></File><File Name="defaults.json" Size="18644" LfhSize="43"><Block Hash="nhhrlpHIx0EJQS5VjaDj69HW7q4ytqre9aMPLtHNUHY=" Size="3163"/></File><File Name="Images\LargeTile.scale-100_contrast-black.png" Size="1422" LfhSize="75"><Block Hash="dv8zxHTGxa5Cus32EIISHK9sC42BhR1mATFwrjbO5M0="/></File><File Name="Images\LargeTile.scale-100.png" Size="2931" LfhSize="60"><Block Hash="lvP7++WKzRc8dkZMLlDcrUUrJLGJQ3PA2/4GSuNGgFE="/></File><File Name="Images\LargeTile.scale-100_contrast-white.png" Size="1412" LfhSize="75"><Block Hash="itJ4wADARRAkXRvRsthZtx/fRT4+8q0Dxlsp5HJuoxA="/></File><File Name="Images\LargeTile.scale-125.png" Size="4807" LfhSize="60"><Block Hash="Hhp0VMR8dq4G8vws42pDtOBXz13MlR3Tf2KuXwK3gWk="/></File><File Name="Images\LargeTile.scale-125_contrast-white.png" Size="1709" LfhSize="75"><Block Hash="otF6/o3zobMVNjn29Ncuy5m+FFbf0U3+ox3PaVUh538="/></File><File Name="Images\LargeTile.scale-125_contrast-black.png" Size="1731" LfhSize="75"><Block Hash="NTsav21xZpVhl2cXHsGpUpDVcJa3ei9KUvKm1slNHXk="/></File><File Name="Images\LargeTile.scale-150.png" Size="5701" LfhSize="60"><Block Hash="T1q5ufAN1/SE4vavHv6f2Su9+HtRXWDBAbcuMkf2wkE="/></File><File Name="Images\LargeTile.scale-150_contrast-black.png" Size="1987" LfhSize="75"><Block Hash="m6ul185fNukqipvd6/U+aVCzOxtK5gLRnGJX4c0l1SY="/></File><File Name="Images\LargeTile.scale-150_contrast-white.png" Size="1968" LfhSize="75"><Block Hash="4+whyM4pHV8TtFNFdNJnrKqBOQnJqy7PsZBgDjd7N1U="/></File><File Name="Images\LargeTile.scale-200_contrast-black.png" Size="2722" LfhSize="75"><Block Hash="Ll2Rmiqfrp9IpeEIcVItDVj2zIekuk4Ak7jND/miGG4="/></File><File Name="Images\LargeTile.scale-200.png" Size="7887" LfhSize="60"><Block Hash="VUpuWmbYIYJhqEqPAZn0W7Eg46Juv8jtYjKBd+H8M7g="/></File><File Name="Images\LargeTile.scale-200_contrast-white.png" Size="2712" LfhSize="75"><Block Hash="BYUSC+JciBJCvO0oAslQL8RPMGhwGjgOrD4o68hhu84="/></File><File Name="Images\LargeTile.scale-400_contrast-black.png" Size="6516" LfhSize="75"><Block Hash="roCcFtm8JcHM50OjBWEkWb31FmaAfuCqKi46A6DP+B4="/></File><File Name="Images\LargeTile.scale-400.png" Size="19031" LfhSize="60"><Block Hash="vs/DtVxDS1KOOh3FII9jAPeowGl0Au8LcJf17T4N9iA="/></File><File Name="Images\LargeTile.scale-400_contrast-white.png" Size="6518" LfhSize="75"><Block Hash="4U+cNCRxVmy/WStfZ/nDVk/+WeoM0bpdjEXJ93RaT2U="/></File><File Name="Images\LockScreenLogo.scale-100_contrast-black.png" Size="541" LfhSize="80"><Block Hash="W5npSH7HWMxNoX1UykJPCEyarCJIzBJvU7+LmCSEtaE="/></File><File Name="Images\LockScreenLogo.scale-100.png" Size="613" LfhSize="65"><Block Hash="lJJaqe0qyr9dX5BHR4jzlG6i6zqa/+bTf9l+2G4B9ds="/></File><File Name="Images\LockScreenLogo.scale-100_contrast-white.png" Size="540" LfhSize="80"><Block Hash="tPoj41DiJEpFqAtnntKU7nwu6keP3huuMJ/3NPtJ5Jw="/></File><File Name="Images\LockScreenLogo.scale-125.png" Size="812" LfhSize="65"><Block Hash="Mb5gla93BFOtkKphpzfk3bzNhZdElUn7Zf5Dw7Q03lU="/></File><File Name="Images\LockScreenLogo.scale-125_contrast-black.png" Size="636" LfhSize="80"><Block Hash="VEKToqGXSw+xiHgERAZfOphnkOr5fPmQWWKK/GU8Etc="/></File><File Name="Images\LockScreenLogo.scale-150.png" Size="1224" LfhSize="65"><Block Hash="7SMwYKCzzns7OvF6FyIyP1EscWbeyGcaKxVkeU4+79w="/></File><File Name="Images\LockScreenLogo.scale-125_contrast-white.png" Size="645" LfhSize="80"><Block Hash="zgXpOy/niKlMFBdN/7Nw1I+aLuP/Kao8Uy0stcDuUbU="/></File><File Name="Images\LockScreenLogo.scale-150_contrast-white.png" Size="655" LfhSize="80"><Block Hash="+oZHADXLeNfYb/eavAkvOe6AXRF+PeMKi3ZQ6qFbpvs="/></File><File Name="Images\LockScreenLogo.scale-150_contrast-black.png" Size="658" LfhSize="80"><Block Hash="NAsGCSnIN03KKEMSMhLFxGr8qvGd7qVVqhZr2CnWbzo="/></File><File Name="Images\LockScreenLogo.scale-200.png" Size="1543" LfhSize="65"><Block Hash="THGJyb/CwJ+lAuohUERz+6XaGPFjH++dhsOm5N2p2hI="/></File><File Name="Images\LockScreenLogo.scale-200_contrast-black.png" Size="711" LfhSize="80"><Block Hash="vdoO83ORU1NoXAFcwzOio3J1HnoBXUokZT7qxD0DxMs="/></File><File Name="Images\LockScreenLogo.scale-200_contrast-white.png" Size="716" LfhSize="80"><Block Hash="ln9WG9hskon/lQ5dOHQ81fY4QaDWvb6zAKVZT1vS+Os="/></File><File Name="Images\LockScreenLogo.scale-400.png" Size="2652" LfhSize="65"><Block Hash="EEVAHa5+Wc4j/8cBoGp0abySYzkaSvYAcrE5irNLKrg="/></File><File Name="Images\LockScreenLogo.scale-400_contrast-white.png" Size="1091" LfhSize="80"><Block Hash="SzWroTgKITxTsn4/gYf6tlW77JaL6XKFQhqwA6M9CtU="/></File><File Name="Images\LockScreenLogo.scale-400_contrast-black.png" Size="1082" LfhSize="80"><Block Hash="ZOKwkyrKwNro5bL+9JIZTVS4XXfIWJjc/wy/eLLQ4yY="/></File><File Name="Images\SmallTile.scale-100.png" Size="1535" LfhSize="60"><Block Hash="APa2GKzPPCXJOMWMbmIJqGTJbXxs9vSMmYNXoBP9rPk="/></File><File Name="Images\SmallTile.scale-100_contrast-white.png" Size="689" LfhSize="75"><Block Hash="uzwnxAyalIH/Lcnb8v75b3AnaKMHwDaZ+mUqupfhzrA="/></File><File Name="Images\SmallTile.scale-100_contrast-black.png" Size="692" LfhSize="75"><Block Hash="/KLSYdH/RrZhsDl1oyQQMQkC4N1Jjmhi+1FAMQC/DL0="/></File><File Name="Images\SmallTile.scale-125.png" Size="1792" LfhSize="60"><Block Hash="6w0rNOaEMoctr3LUJgbvjHbWNw1GHD9GJKU2bkKQQgs="/></File><File Name="Images\SmallTile.scale-125_contrast-black.png" Size="808" LfhSize="75"><Block Hash="4t8ngNSE64ibdvYzQ5U9/pEK70ZOsfLK70YmohzpqLo="/></File><File Name="Images\SmallTile.scale-125_contrast-white.png" Size="806" LfhSize="75"><Block Hash="/9wLrgqqV2kFrYShcxFLyKxG7AqH3GM5yGzHfdv8Gt4="/></File><File Name="Images\SmallTile.scale-150.png" Size="1930" LfhSize="60"><Block Hash="+lyJX/lSRI/pDW5asJz8penKF2BNcJ3kabeCv2IuvtI="/></File><File Name="Images\SmallTile.scale-150_contrast-white.png" Size="899" LfhSize="75"><Block Hash="aXsC5GMmkgD9CzExR7XTv7C8KuWJEeUvGPtWScrvpOc="/></File><File Name="Images\SmallTile.scale-150_contrast-black.png" Size="897" LfhSize="75"><Block Hash="nscuTnpFH4W5Pw22jOEDUoda/Q8/ow8dSpnbhV9AHSM="/></File><File Name="Images\SmallTile.scale-200_contrast-black.png" Size="998" LfhSize="75"><Block Hash="MYLt1p2mykV714zozkBMLwYkOlEPsbco5BlzvQNurY4="/></File><File Name="Images\SmallTile.scale-200.png" Size="2640" LfhSize="60"><Block Hash="PF+os/D8r1N7bS6tTLH8EEwxp8WDyBFgT1B6CknZxfA="/></File><File Name="Images\SmallTile.scale-200_contrast-white.png" Size="1000" LfhSize="75"><Block Hash="ShpEr5y1hpExJEYZ4susrtjXrdTYZ2oX+xNV0CgJnyw="/></File><File Name="Images\SmallTile.scale-400.png" Size="5051" LfhSize="60"><Block Hash="w45WLwAZB4FXSJMAGdL6Xpe1+NMXeAvJZcaE3i5YSWQ="/></File><File Name="Images\SmallTile.scale-400_contrast-black.png" Size="1699" LfhSize="75"><Block Hash="a5EuPXzWNOCwEJLuU3+9Ax5zsG+AweQaDjzn6LBULSM="/></File><File Name="Images\SmallTile.scale-400_contrast-white.png" Size="1684" LfhSize="75"><Block Hash="pnGlIqZmrDLtiMInwj1sV3m9FujAGQNqCLhEWI9Gnxk="/></File><File Name="Images\Square150x150Logo.scale-100.png" Size="1726" LfhSize="68"><Block Hash="zWxrM2TdVDKSMCxWpKaI0NEwUGCPtOVoW2dYgWzE4wk="/></File><File Name="Images\Square150x150Logo.scale-100_contrast-white.png" Size="822" LfhSize="83"><Block Hash="9OE23tOz+Z2/KsOMf7D2y3dkyV1P/YYG90uG8hlRTsM="/></File><File Name="Images\Square150x150Logo.scale-100_contrast-black.png" Size="818" LfhSize="83"><Block Hash="hlTrWhGOV/XWFWVRFuoalB9Dtz2PDjeG5ND2qvQ0q6Y="/></File><File Name="Images\Square150x150Logo.scale-125_contrast-black.png" Size="1018" LfhSize="83"><Block Hash="HXpzrj+oYAY1ZmRSpGmJZuSi7gfjaZGQkaVlS3Qk2h4="/></File><File Name="Images\Square150x150Logo.scale-125.png" Size="2259" LfhSize="68"><Block Hash="NNmea34X/+oesyNmkXi9Ndpb8YdH6Fdeg3PA5+YBANo="/></File><File Name="Images\Square150x150Logo.scale-125_contrast-white.png" Size="1019" LfhSize="83"><Block Hash="J1Ohx1mxzUIjWDLRErVFVtu9p8LWl0sNJtldU49e+xQ="/></File><File Name="Images\Square150x150Logo.scale-150.png" Size="2888" LfhSize="68"><Block Hash="brejvhWQ/TK4HAcNL0QAo69cdljXzHGLAkRgbsym+PM="/></File><File Name="Images\Square150x150Logo.scale-150_contrast-black.png" Size="1133" LfhSize="83"><Block Hash="/ZaiNeryU7BsQxWbxJ1wWDFSIppqDS/7i5DW8c2/Zjs="/></File><File Name="Images\Square150x150Logo.scale-150_contrast-white.png" Size="1115" LfhSize="83"><Block Hash="E9K0+JecSfz7CPLOrAnqc6S6Zm9/LLc6MPONPrpkiLg="/></File><File Name="Images\Square150x150Logo.scale-200.png" Size="2896" LfhSize="68"><Block Hash="O+vEs7b8FOCrAgewxFvH5Jk9iMZLJkhEKXB6ggmvTAs="/></File><File Name="Images\Square150x150Logo.scale-200_contrast-white.png" Size="1396" LfhSize="83"><Block Hash="K4sga9mP7n6W8gI1y1vP6WvC3MpGP5EaGiWh69VMIRg="/></File><File Name="Images\Square150x150Logo.scale-200_contrast-black.png" Size="1407" LfhSize="83"><Block Hash="gtwr3XvpewZDAtFKMM3vo9vue0PTqeRH2gRjxs41kNg="/></File><File Name="Images\Square150x150Logo.scale-400_contrast-black.png" Size="2667" LfhSize="83"><Block Hash="HcBjfpu5WS3KIugCc4fXHUTJiEvd8XUhxFbwXHKCGFA="/></File><File Name="Images\Square150x150Logo.scale-400_contrast-white.png" Size="2669" LfhSize="83"><Block Hash="rnv+CUv/0QcZs/JYohWJUl29GrM98x2UaFMuvra4230="/></File><File Name="Images\Square150x150Logo.scale-400.png" Size="7791" LfhSize="68"><Block Hash="8YAbqeK73EOASoGRuRsI0P6xrfSudzC/JDPNGFD8WP4="/></File><File Name="Images\Square44x44Logo.scale-100_contrast-black.png" Size="607" LfhSize="81"><Block Hash="AFiBkB21nc/0NY0qb5M40q5W6t3D/wQBPsRFv3oxAsg="/></File><File Name="Images\Square44x44Logo.scale-100.png" Size="1273" LfhSize="66"><Block Hash="+9Rs8wyz/99HhjX0HM2tT1r+dWpoGxmV7Gu88gAlMeM="/></File><File Name="Images\Square44x44Logo.scale-100_contrast-white.png" Size="611" LfhSize="81"><Block Hash="OqxxbmoKHKzO8aUk0qsi1fHVA+g8oZ4qE1VazfCXEXY="/></File><File Name="Images\Square44x44Logo.scale-125.png" Size="1593" LfhSize="66"><Block Hash="LYJVTcLzo8n0BA4kszZeedbUa+j3AIws8nCiYZY5IYA="/></File><File Name="Images\Square44x44Logo.scale-125_contrast-black.png" Size="702" LfhSize="81"><Block Hash="wabMxiHnNCzU4Gvx9tjfxje+Q1jMIF0ShIOc3dwMSnQ="/></File><File Name="Images\Square44x44Logo.scale-125_contrast-white.png" Size="706" LfhSize="81"><Block Hash="C6MowwD24EbgBQQZf8VWS2yFMRA7PIbq6VrFW7xRmV4="/></File><File Name="Images\Square44x44Logo.scale-150_contrast-black.png" Size="736" LfhSize="81"><Block Hash="ad4gJ9bGBrFwTpbRu+tkt8TrPgGLAPEZKgCQ6thDRrk="/></File><File Name="Images\Square44x44Logo.scale-150.png" Size="1657" LfhSize="66"><Block Hash="YvPVB8uUa6M4pk6AasGkZZBrPiRtlr2pQeFGMG79eD4="/></File><File Name="Images\Square44x44Logo.scale-200.png" Size="2097" LfhSize="66"><Block Hash="28YICLXSxwAqgAvOCwMReQSZExpXxGQGMigSQEeKeWQ="/></File><File Name="Images\Square44x44Logo.scale-150_contrast-white.png" Size="741" LfhSize="81"><Block Hash="fgL3IgzI+AyfzyDvITYueZe8Wnlyp/lqq4cXXciIrqw="/></File><File Name="Images\Square44x44Logo.scale-200_contrast-white.png" Size="900" LfhSize="81"><Block Hash="T2XYhlRFe6A2pEO6akv653Gmkv+vXgZ5g2NS7SetMVE="/></File><File Name="Images\Square44x44Logo.scale-200_contrast-black.png" Size="901" LfhSize="81"><Block Hash="jMq8T6w36hajbxnMmtHQvtFJLcWRIyW/9wbas9dYcmE="/></File><File Name="Images\Square44x44Logo.scale-400.png" Size="4153" LfhSize="66"><Block Hash="a2JQvoWbp7gviz8mp4kf9Qe/vXPZKt67u7uYJvfjLGo="/></File><File Name="Images\Square44x44Logo.scale-400_contrast-black.png" Size="1445" LfhSize="81"><Block Hash="vc6CkitIT709TRX8ncNXpPp5zz7DPLm727HsroAZEiI="/></File><File Name="Images\Square44x44Logo.targetsize-16.png" Size="448" LfhSize="70"><Block Hash="NNbdibjobjuZ9bh1RDft/9i8AB2Hs0tPTvkh4qjK+eE="/></File><File Name="Images\Square44x44Logo.targetsize-16_altform-unplated.png" Size="448" LfhSize="87"><Block Hash="NNbdibjobjuZ9bh1RDft/9i8AB2Hs0tPTvkh4qjK+eE="/></File><File Name="Images\Square44x44Logo.scale-400_contrast-white.png" Size="1450" LfhSize="81"><Block Hash="hfxmQZ1Rd8IP8wHrn2hFc4ZLMR/XQQB0iOkGldyk8RE="/></File><File Name="Images\Square44x44Logo.targetsize-16_altform-unplated_contrast-white.png" Size="465" LfhSize="102"><Block Hash="tCO/PFPRJt2HOfFkBTihEaaXKc/ql1G8Ddq84l1IkUg="/></File><File Name="Images\Square44x44Logo.targetsize-16_altform-unplated_contrast-black.png" Size="404" LfhSize="102"><Block Hash="q0rf+hfqEUPpTYWpRNRp2lShEpn4gPS8PMhBEq0IlTQ="/></File><File Name="Images\Square44x44Logo.targetsize-16_contrast-black.png" Size="404" LfhSize="85"><Block Hash="q0rf+hfqEUPpTYWpRNRp2lShEpn4gPS8PMhBEq0IlTQ="/></File><File Name="Images\Square44x44Logo.targetsize-16_contrast-white.png" Size="465" LfhSize="85"><Block Hash="HtWBYHdqJvG2RNFdzLyaEm/hPj0HmEWaYWDDVYVL2Mw="/></File><File Name="Images\Square44x44Logo.targetsize-20.png" Size="570" LfhSize="70"><Block Hash="5Ay/6VUC7jJTcSPJNoyC8L0Y5GpuSJ975uBBnVZ8dig="/></File><File Name="Images\Square44x44Logo.targetsize-20_altform-unplated.png" Size="570" LfhSize="87"><Block Hash="5Ay/6VUC7jJTcSPJNoyC8L0Y5GpuSJ975uBBnVZ8dig="/></File><File Name="Images\Square44x44Logo.targetsize-20_altform-unplated_contrast-white.png" Size="516" LfhSize="102"><Block Hash="70lqXPE/X8iwW7FwFTzswKxHTbigIC4JsSQvpomH4Pk="/></File><File Name="Images\Square44x44Logo.targetsize-20_altform-unplated_contrast-black.png" Size="509" LfhSize="102"><Block Hash="CPyObUiONLh0lxJ7NgKo3vVYnIY8ykzjtNHxJzSzVmA="/></File><File Name="Images\Square44x44Logo.targetsize-20_contrast-white.png" Size="516" LfhSize="85"><Block Hash="jNifrpI9InwXGmh9yfkC/382Kvgt8peHvyE+/bLUBKY="/></File><File Name="Images\Square44x44Logo.targetsize-20_contrast-black.png" Size="509" LfhSize="85"><Block Hash="CPyObUiONLh0lxJ7NgKo3vVYnIY8ykzjtNHxJzSzVmA="/></File><File Name="Images\Square44x44Logo.targetsize-24.png" Size="613" LfhSize="70"><Block Hash="lJJaqe0qyr9dX5BHR4jzlG6i6zqa/+bTf9l+2G4B9ds="/></File><File Name="Images\Square44x44Logo.targetsize-24_altform-unplated.png" Size="613" LfhSize="87"><Block Hash="lJJaqe0qyr9dX5BHR4jzlG6i6zqa/+bTf9l+2G4B9ds="/></File><File Name="Images\Square44x44Logo.targetsize-24_altform-unplated_contrast-black.png" Size="541" LfhSize="102"><Block Hash="lVhjLSbt5qPMUQKnyZaaWhJiw+WUeR/2R9gzUTvsX9Y="/></File><File Name="Images\Square44x44Logo.targetsize-24_altform-unplated_contrast-white.png" Size="540" LfhSize="102"><Block Hash="uCTswrOkp0MGByDHAkZjerdB/hivPA3ziqIKsuHB2BE="/></File><File Name="Images\Square44x44Logo.targetsize-24_contrast-black.png" Size="541" LfhSize="85"><Block Hash="z/HEC8CEM6tSnDJ2Pq0QK7IBxMnhqop+T6Gq0r31cxM="/></File><File Name="Images\Square44x44Logo.targetsize-256.png" Size="7727" LfhSize="71"><Block Hash="4F5QgqcuYwOAT1H7Te8zBG4x4oDgXPNdcvg3l3IPTBY="/></File><File Name="Images\Square44x44Logo.targetsize-24_contrast-white.png" Size="540" LfhSize="85"><Block Hash="+rvnYndOOXUAgza5Ax/w1OrizdnuLfu/WvFQjwBV2Sw="/></File><File Name="Images\Square44x44Logo.targetsize-256_altform-unplated.png" Size="7727" LfhSize="88"><Block Hash="4F5QgqcuYwOAT1H7Te8zBG4x4oDgXPNdcvg3l3IPTBY="/></File><File Name="Images\Square44x44Logo.targetsize-256_altform-unplated_contrast-white.png" Size="2366" LfhSize="103"><Block Hash="eRs2UUCOcFjbkutaH82fiELqjh9vdDmANKH7dWFRi64="/></File><File Name="Images\Square44x44Logo.targetsize-256_altform-unplated_contrast-black.png" Size="2285" LfhSize="103"><Block Hash="vM1jm26wHa1ApFUCGUTLm/dr/N9FU4660dfTMmYDZq0="/></File><File Name="Images\Square44x44Logo.targetsize-256_contrast-black.png" Size="2285" LfhSize="86"><Block Hash="FNU/yjOrHJt61Yi5Px8JSulsNudLPMWQ5l/FePEDet8="/></File><File Name="Images\Square44x44Logo.targetsize-256_contrast-white.png" Size="2366" LfhSize="86"><Block Hash="uoVvA3EaLu0/7+lgm9iLWrR0lHuBg4ykGA15Gpl1PfU="/></File><File Name="Images\Square44x44Logo.targetsize-30.png" Size="812" LfhSize="70"><Block Hash="Mb5gla93BFOtkKphpzfk3bzNhZdElUn7Zf5Dw7Q03lU="/></File><File Name="Images\Square44x44Logo.targetsize-30_altform-unplated_contrast-black.png" Size="636" LfhSize="102"><Block Hash="NuLNDUX6UYUTUyy12FP7KKc1f6WYwJ8BnbJFrCCrUTM="/></File><File Name="Images\Square44x44Logo.targetsize-30_altform-unplated.png" Size="812" LfhSize="87"><Block Hash="Mb5gla93BFOtkKphpzfk3bzNhZdElUn7Zf5Dw7Q03lU="/></File><File Name="Images\Square44x44Logo.targetsize-30_contrast-black.png" Size="636" LfhSize="85"><Block Hash="Vf7coaNkSdMk8eX1A7RVxxKDkQZXH2rbRr9DtEFhA6I="/></File><File Name="Images\Square44x44Logo.targetsize-30_altform-unplated_contrast-white.png" Size="645" LfhSize="102"><Block Hash="F5mS6zWfzYRc+LOn3wl9Op+ikERUabx1pZLq8JS1WTg="/></File><File Name="Images\Square44x44Logo.targetsize-30_contrast-white.png" Size="645" LfhSize="85"><Block Hash="BAdzEAw6Sf61PsWWQ8zC2EV7eSmMxB0a77fXCuijGXU="/></File><File Name="Images\Square44x44Logo.targetsize-32_altform-unplated.png" Size="1042" LfhSize="87"><Block Hash="l2I547VPWMx2UcxQ/dxGehnllCV6JbVzADkjNWPDPyI="/></File><File Name="Images\Square44x44Logo.targetsize-32.png" Size="1042" LfhSize="70"><Block Hash="l2I547VPWMx2UcxQ/dxGehnllCV6JbVzADkjNWPDPyI="/></File><File Name="Images\Square44x44Logo.targetsize-32_altform-unplated_contrast-black.png" Size="598" LfhSize="102"><Block Hash="JAoJ/BEaeNtgngM+O34C/0wbFIqYb1x9IqJjKz8eLF8="/></File><File Name="Images\Square44x44Logo.targetsize-32_altform-unplated_contrast-white.png" Size="599" LfhSize="102"><Block Hash="aWHQCL7GHeNB/RVGUUD8A0xuqcRCm9BaNq03feYk7IY="/></File><File Name="Images\Square44x44Logo.targetsize-32_contrast-white.png" Size="599" LfhSize="85"><Block Hash="WLnVYdj/v5alctCGm2wxtkdFim3DPxEI+gt+nYCQdGA="/></File><File Name="Images\Square44x44Logo.targetsize-32_contrast-black.png" Size="598" LfhSize="85"><Block Hash="nnYIvMjFLJklcexk68kE3i4dtqAKdO0A3Fwr7EJ3JnE="/></File><File Name="Images\Square44x44Logo.targetsize-36_altform-unplated.png" Size="1224" LfhSize="87"><Block Hash="7SMwYKCzzns7OvF6FyIyP1EscWbeyGcaKxVkeU4+79w="/></File><File Name="Images\Square44x44Logo.targetsize-36_altform-unplated_contrast-black.png" Size="658" LfhSize="102"><Block Hash="Wlm5iJNrgeHrIx5pRVujxYHbx754ZXipem2VrWNjteM="/></File><File Name="Images\Square44x44Logo.targetsize-36.png" Size="1224" LfhSize="70"><Block Hash="7SMwYKCzzns7OvF6FyIyP1EscWbeyGcaKxVkeU4+79w="/></File><File Name="Images\Square44x44Logo.targetsize-36_altform-unplated_contrast-white.png" Size="655" LfhSize="102"><Block Hash="MqQkfIxdb8jQg2PsNk01JCn+aZJcj08tBSMtT2lFU8Y="/></File><File Name="Images\Square44x44Logo.targetsize-36_contrast-black.png" Size="658" LfhSize="85"><Block Hash="Df75j4d280mCVRh87iCpAEStzPMA/g7y2iQN7mPmjk8="/></File><File Name="Images\Square44x44Logo.targetsize-36_contrast-white.png" Size="655" LfhSize="85"><Block Hash="lM5pchFKgFVSI0kM9Hxmmk6BIyGr3xFHHXYTNIJKVEw="/></File><File Name="Images\Square44x44Logo.targetsize-40.png" Size="1384" LfhSize="70"><Block Hash="pbvTXLlMS5F8+KNMU8JcwQHtvlcvpzLXj/QsA3p1dQc="/></File><File Name="Images\Square44x44Logo.targetsize-40_altform-unplated_contrast-black.png" Size="685" LfhSize="102"><Block Hash="6kTNTMfu+jb1qcqkXkOJX8bFIfwwK/sVG3/+eEEggug="/></File><File Name="Images\Square44x44Logo.targetsize-40_altform-unplated.png" Size="1384" LfhSize="87"><Block Hash="pbvTXLlMS5F8+KNMU8JcwQHtvlcvpzLXj/QsA3p1dQc="/></File><File Name="Images\Square44x44Logo.targetsize-40_altform-unplated_contrast-white.png" Size="689" LfhSize="102"><Block Hash="gyriec+YuuTmgjdhrNMX+AvkWVsQlai9kUQMgAorOII="/></File><File Name="Images\Square44x44Logo.targetsize-40_contrast-black.png" Size="685" LfhSize="85"><Block Hash="Lx9HeDHa46b6KYEgITNhVuBoKKIabX70ASv/xFXQz2A="/></File><File Name="Images\Square44x44Logo.targetsize-48.png" Size="1543" LfhSize="70"><Block Hash="THGJyb/CwJ+lAuohUERz+6XaGPFjH++dhsOm5N2p2hI="/></File><File Name="Images\Square44x44Logo.targetsize-40_contrast-white.png" Size="689" LfhSize="85"><Block Hash="MPtdhfESZVDzRaHoMqEGp1GWAa7HX3wwz/Zl5YzlVYE="/></File><File Name="Images\Square44x44Logo.targetsize-48_altform-unplated.png" Size="1543" LfhSize="87"><Block Hash="THGJyb/CwJ+lAuohUERz+6XaGPFjH++dhsOm5N2p2hI="/></File><File Name="Images\Square44x44Logo.targetsize-48_altform-unplated_contrast-black.png" Size="711" LfhSize="102"><Block Hash="S8v7bF/y58hZZDFQxLYIe9av12/ZDJ4zpok9skR0elA="/></File><File Name="Images\Square44x44Logo.targetsize-48_altform-unplated_contrast-white.png" Size="716" LfhSize="102"><Block Hash="3T2wdP1fV2yT1vocpHMluH1B8OW7YIR6pp/SY316yLY="/></File><File Name="Images\Square44x44Logo.targetsize-48_contrast-white.png" Size="716" LfhSize="85"><Block Hash="KHDpI1UTRWSd9SvR/CSHAGqnpoIh3fLCiFUtmuB3FdQ="/></File><File Name="Images\Square44x44Logo.targetsize-48_contrast-black.png" Size="711" LfhSize="85"><Block Hash="St2CfmJdmYCXel3R4mqh7G22NIDo8ffOmD5pKRwY3pA="/></File><File Name="Images\Square44x44Logo.targetsize-60_altform-unplated.png" Size="2069" LfhSize="87"><Block Hash="HQxKCjnnkZPsFFu4qXzzxzIhkzfXeqgLXxasGp+PmqQ="/></File><File Name="Images\Square44x44Logo.targetsize-60.png" Size="2069" LfhSize="70"><Block Hash="HQxKCjnnkZPsFFu4qXzzxzIhkzfXeqgLXxasGp+PmqQ="/></File><File Name="Images\Square44x44Logo.targetsize-60_altform-unplated_contrast-white.png" Size="866" LfhSize="102"><Block Hash="AOMOEUDavICsjmu7OEzGiu5L3fw8ikWMIXw03pH0bu8="/></File><File Name="Images\Square44x44Logo.targetsize-60_altform-unplated_contrast-black.png" Size="867" LfhSize="102"><Block Hash="A3LInjqRypyZCksN2vrRyznUHr3wZD/FDLuKDcsXB2s="/></File><File Name="Images\Square44x44Logo.targetsize-60_contrast-black.png" Size="867" LfhSize="85"><Block Hash="l2EotgAXg3aLE80ICYFcOWNHil1UaJTamKmcp9AP0J4="/></File><File Name="Images\Square44x44Logo.targetsize-60_contrast-white.png" Size="866" LfhSize="85"><Block Hash="X+cBPydj7FReeAT8nVdhrKL7D4bgHZZHWtIJHR207qc="/></File><File Name="Images\Square44x44Logo.targetsize-64.png" Size="2039" LfhSize="70"><Block Hash="gp6AEsjm6yKFqlyszbo3v7Zkn23pFMFMyYQ34KOZNgE="/></File><File Name="Images\Square44x44Logo.targetsize-64_altform-unplated_contrast-black.png" Size="868" LfhSize="102"><Block Hash="BQhVy4rnz46shQ4sVcTkpCIJYZiTh2BmxRTRBD2bba8="/></File><File Name="Images\Square44x44Logo.targetsize-64_altform-unplated.png" Size="2039" LfhSize="87"><Block Hash="gp6AEsjm6yKFqlyszbo3v7Zkn23pFMFMyYQ34KOZNgE="/></File><File Name="Images\Square44x44Logo.targetsize-64_contrast-black.png" Size="868" LfhSize="85"><Block Hash="rWt9m4RnN0YrTL8VSoFTYWCtgkxwY/lBn04v7WpGIo0="/></File><File Name="Images\Square44x44Logo.targetsize-64_altform-unplated_contrast-white.png" Size="869" LfhSize="102"><Block Hash="M2+JFenTpYeFUd7v3s/H+yyZ4pU51XX8n4Pn/uvVUcs="/></File><File Name="Images\Square44x44Logo.targetsize-64_contrast-white.png" Size="869" LfhSize="85"><Block Hash="hYX2gEAH1sGh0+PrY8hRKczggzmlVLrSvEMFM+W8fYg="/></File><File Name="Images\Square44x44Logo.targetsize-72.png" Size="2337" LfhSize="70"><Block Hash="D0ySRgT/08uaY5ouCKBRxlFnyx7a+kUpODojJVLXTGI="/></File><File Name="Images\Square44x44Logo.targetsize-72_altform-unplated_contrast-black.png" Size="913" LfhSize="102"><Block Hash="7A+bAnMnta+swr6NbN96SdHGxPHdmM+sf8ubH5SebUw="/></File><File Name="Images\Square44x44Logo.targetsize-72_altform-unplated.png" Size="2337" LfhSize="87"><Block Hash="D0ySRgT/08uaY5ouCKBRxlFnyx7a+kUpODojJVLXTGI="/></File><File Name="Images\Square44x44Logo.targetsize-72_altform-unplated_contrast-white.png" Size="912" LfhSize="102"><Block Hash="ZEsWU6llLAxTyuchkbyABOFPUUp1JU3HYIuP73is+bA="/></File><File Name="Images\Square44x44Logo.targetsize-72_contrast-black.png" Size="913" LfhSize="85"><Block Hash="g/VVQD/XjP0ZrhNQQrZZlm7oV6UYYr/EwqQ+D+oekTM="/></File><File Name="Images\Square44x44Logo.targetsize-72_contrast-white.png" Size="912" LfhSize="85"><Block Hash="BKMPMwsmRtZbUqeKKti97pOnFMMH3Bh35prZu6xN21o="/></File><File Name="Images\Square44x44Logo.targetsize-80_altform-unplated.png" Size="2404" LfhSize="87"><Block Hash="LyYDIipJin68BZH9+ltt5T6XxhartK3tnD42Vln85Xo="/></File><File Name="Images\Square44x44Logo.targetsize-80.png" Size="2404" LfhSize="70"><Block Hash="aOUm9SkTAH60psXVXQA2kYj2J8P3vmlNFpyt0aOizlw="/></File><File Name="Images\Square44x44Logo.targetsize-80_altform-unplated_contrast-white.png" Size="995" LfhSize="102"><Block Hash="zaAhkeaGN7tgDx0N9PoFU54MOMMO1jvdyrn1fQzUnCI="/></File><File Name="Images\Square44x44Logo.targetsize-80_contrast-black.png" Size="997" LfhSize="85"><Block Hash="/xCnp7Q/51eJvKYLwpB8XFYUoDGrU3Gfh5ZGD4gtmZI="/></File><File Name="Images\Square44x44Logo.targetsize-80_altform-unplated_contrast-black.png" Size="997" LfhSize="102"><Block Hash="RGKyKQyHX+tCKr6cuDuk/B7RE+XBOXJein2gp/SJBkU="/></File><File Name="Images\Square44x44Logo.targetsize-96.png" Size="2652" LfhSize="70"><Block Hash="4VFyXo3F3aLDmtWp/lfLZtIj6f1AIh4NfWN9BgHEgpo="/></File><File Name="Images\Square44x44Logo.targetsize-80_contrast-white.png" Size="995" LfhSize="85"><Block Hash="FKUYzHq1wnNf2YKdhNF2OK1UGQ/u7iF0OSMAicpZEe8="/></File><File Name="Images\Square44x44Logo.targetsize-96_altform-unplated.png" Size="2652" LfhSize="87"><Block Hash="dF+CSjgXHebjEr0K/alXcXdT+qTLl8g3iaEbF4FKGI0="/></File><File Name="Images\Square44x44Logo.targetsize-96_altform-unplated_contrast-black.png" Size="1082" LfhSize="102"><Block Hash="5LoEY39MNBQdamTxPFBWC0U9h9sdiOm4lbXvsUnkJJw="/></File><File Name="Images\Square44x44Logo.targetsize-96_contrast-black.png" Size="1082" LfhSize="85"><Block Hash="p0icagTKjHU63gEx+3dUtfgy9NMELopQA0jMvio3hXo="/></File><File Name="Images\Square44x44Logo.targetsize-96_altform-unplated_contrast-white.png" Size="1091" LfhSize="102"><Block Hash="uZ+EZm/8GiOgmZ/Q7ULiZ4VmK3xdrJ/mFk0D4L0e5cs="/></File><File Name="Images\StoreLogo.scale-100.png" Size="1511" LfhSize="60"><Block Hash="fvydv+2/dEVVI350BOhYT14IAJ+klMTPlBbb/GTgnqA="/></File><File Name="Images\StoreLogo.scale-100_contrast-black.png" Size="670" LfhSize="75"><Block Hash="VjvWK+5IkOPUFrAPiWXS8c+9j6fP+QXxwa7m96DZ0Yk="/></File><File Name="Images\Square44x44Logo.targetsize-96_contrast-white.png" Size="1091" LfhSize="85"><Block Hash="kJI/OkQkcX2vRqgE4q1HblwqGDwtRPRHAbJbhEYagJQ="/></File><File Name="Images\StoreLogo.scale-125.png" Size="1764" LfhSize="60"><Block Hash="c737LDa8VEMtnV1Mo9Ejkl1gDfgAmC6U3R31t/gH+Rk="/></File><File Name="Images\StoreLogo.scale-100_contrast-white.png" Size="668" LfhSize="75"><Block Hash="JpDKy875tVmhbMs2lYvZGxiVLzByYBA2+9NP36idtGI="/></File><File Name="Images\StoreLogo.scale-125_contrast-black.png" Size="786" LfhSize="75"><Block Hash="lIQZyoO4qqELgEWQzr5jMfQJiDXUcVG0Qt+dRD7PKSg="/></File><File Name="Images\StoreLogo.scale-125_contrast-white.png" Size="776" LfhSize="75"><Block Hash="EsJVjpBulZwZ0ToIuVJNTV1nUAwwIzWf3AFB+ed0poM="/></File><File Name="Images\StoreLogo.scale-150_contrast-black.png" Size="870" LfhSize="75"><Block Hash="0WMNgCvHC0xB2n8lLQD0bYEU/fEPY6KIwvI1CPOzZhc="/></File><File Name="Images\StoreLogo.scale-150.png" Size="1911" LfhSize="60"><Block Hash="agTnaAM3BIroxsckUWO8qStG4DLhkMmVKA5UGz5HeS8="/></File><File Name="Images\StoreLogo.scale-200.png" Size="2524" LfhSize="60"><Block Hash="1JZZ7/0oEDcAyfGgh3vuB1UvjI3pHPKMK6ehcCtNUxM="/></File><File Name="Images\StoreLogo.scale-200_contrast-black.png" Size="953" LfhSize="75"><Block Hash="EY4pYVj/U/Jv1ygkgIPbmyMUYbVMfyLl0YMWX/jhWoA="/></File><File Name="Images\StoreLogo.scale-150_contrast-white.png" Size="872" LfhSize="75"><Block Hash="pV5WwM56Weo2r4OeaJkziXQHCZK7QlceB3a7UawU1Qs="/></File><File Name="Images\StoreLogo.scale-400.png" Size="4688" LfhSize="60"><Block Hash="vlJptZjol0i1MUBLTdJyXDQqIRUmSLZ5PeI3qvLyQmQ="/></File><File Name="Images\StoreLogo.scale-200_contrast-white.png" Size="954" LfhSize="75"><Block Hash="F3LfyK+xL5LcQOE+sDbJ5RcWQJUoqyjBulE3dvmRa5k="/></File><File Name="Images\StoreLogo.scale-400_contrast-black.png" Size="1522" LfhSize="75"><Block Hash="IEbhKZU6AHhX3OFSNAaEQx+53GW4A4It920HPr5/5M4="/></File><File Name="Images\StoreLogo.scale-400_contrast-white.png" Size="1537" LfhSize="75"><Block Hash="j74YkV6Fi1B1k4vJNBYcssjYPW8UWjodlDtISFrebwM="/></File><File Name="Images\terminal.ico" Size="53822" LfhSize="49"><Block Hash="mPmwiqKyLurypIDtr4z6CqbeFz5HO34lWaRjeywWUSw=" Size="13628"/></File><File Name="Images\terminal_contrast-black.ico" Size="46034" LfhSize="64"><Block Hash="YO4eA/goZ+lLxeKWBo5+BuVdvDIid0/AqjCtZZIp4us=" Size="6840"/></File><File Name="Images\Wide310x150Logo.scale-100.png" Size="1795" LfhSize="66"><Block Hash="/fvcpKNAucw7PL/TxX6+tNh/I8hQMGwjI2b+31yK/x8="/></File><File Name="Images\terminal_contrast-white.ico" Size="46044" LfhSize="64"><Block Hash="HadwYB93CX/N43XJxgcBJ6MFI1CYz6a3vDvOVUt+apc=" Size="6810"/></File><File Name="Images\Wide310x150Logo.scale-100_contrast-white.png" Size="895" LfhSize="81"><Block Hash="q61qD8bWuAAHo1I0qInWm3wkg7ITBS6jWpG/z6EAMQ4="/></File><File Name="Images\Wide310x150Logo.scale-125.png" Size="2373" LfhSize="66"><Block Hash="R2oJbtv77dXsOYKYcTxJwr56pssQaDR8cSF37DMiBoQ="/></File><File Name="Images\Wide310x150Logo.scale-100_contrast-black.png" Size="899" LfhSize="81"><Block Hash="xIJvdGP6uQ+aYsKbNQjhSDmqiDszOeTACXQGH7XAuh4="/></File><File Name="Images\Wide310x150Logo.scale-125_contrast-black.png" Size="1154" LfhSize="81"><Block Hash="XjJ/R8uBoPsH0QWKyzy/Q+Luc1drWOrgTs9OvmtR6Mo="/></File><File Name="Images\Wide310x150Logo.scale-125_contrast-white.png" Size="1143" LfhSize="81"><Block Hash="P1+JfZDAtHN7Bt9OMy9zPYg1SxbufeMzboowcNxZI6Q="/></File><File Name="Images\Wide310x150Logo.scale-150_contrast-black.png" Size="1255" LfhSize="81"><Block Hash="j+3dfWBZWvvf+kPmrYzo3pPItUNsp5HJa2o7Z8/5SQ8="/></File><File Name="Images\Wide310x150Logo.scale-150.png" Size="3188" LfhSize="66"><Block Hash="Cu8XPcEtEktLQhg0JeI8qaPV4yVpmhA9KpFlkp3nuGQ="/></File><File Name="Images\Wide310x150Logo.scale-200.png" Size="3128" LfhSize="66"><Block Hash="wsshMmKNjnTpOJ8lRwUQFXc4SSbb+uDjXNO+XOwpskQ="/></File><File Name="Images\Wide310x150Logo.scale-150_contrast-white.png" Size="1238" LfhSize="81"><Block Hash="I3+inOrXYfI1QPHaEWL4ksqvQRsgy/cw15FiUZZlnos="/></File><File Name="Images\Wide310x150Logo.scale-200_contrast-white.png" Size="1598" LfhSize="81"><Block Hash="NuuA54+ttHBbsYtDZsJH3jJsYxGsxA5kF223SsggKbk="/></File><File Name="Images\Wide310x150Logo.scale-200_contrast-black.png" Size="1609" LfhSize="81"><Block Hash="U0GNHDYFKd8av/ciZUPtuHpOYGO6PFPtqikD10+uvMc="/></File><File Name="Images\Wide310x150Logo.scale-400_contrast-black.png" Size="3459" LfhSize="81"><Block Hash="ZIao/JlW0qshpAR9AVOG/L87J6Lh3gfiZF3VFa2s8FE="/></File><File Name="Images\Wide310x150Logo.scale-400.png" Size="9714" LfhSize="66"><Block Hash="L2CqDeO53CLm/PgDqxAaE6+1lbeOhpAKwEnN9LUlh4E="/></File><File Name="Images\Wide310x150Logo.scale-400_contrast-white.png" Size="3454" LfhSize="81"><Block Hash="37ZB4086nmclNmvt76LIj2mkiV1m6e5cbBtsHevTiXk="/></File><File Name="Microsoft.Terminal.Control.dll" Size="1203712" LfhSize="60"><Block Hash="B8xi9lKeNMa1183uLwCSSCwvv1xVOxds8Zgt7jfXT+g=" Size="31980"/><Block Hash="M35jO22YmkShmz+W85vkcwqffQN8s23CiNHeDF+rR8c=" Size="38022"/><Block Hash="LUR3sCzr6WCdt/FrJs4CpDcfMzV7L3K1BxJpzCNtLK4=" Size="34827"/><Block Hash="yPyD7w4c3mFujKO/+IxppiLXWmVtBl1qcqXLgWoxmd0=" Size="27113"/><Block Hash="7nptIpsI6iVrKnHsJGSnAWGeuJXjN7jlk4aTkbuxM90=" Size="28314"/><Block Hash="PnxJl8UXINZ6c49m3wclZJ6fCsX5fz00EArmcmgUjWQ=" Size="36437"/><Block Hash="tZyiCLpcqZRRJqX7DWTjE+u8s8xI7/YznHrCiy+fUDw=" Size="29100"/><Block Hash="TnaUO/8DPi+jCWR/QEgWFkaGKLCvNA0NeiOeP54SZNg=" Size="25638"/><Block Hash="lm0CWdewBzcqN54/jGObDWUCQEmVKlhnyvXi27vb6Ls=" Size="25536"/><Block Hash="KPetQIFAt9pBrcf3uep2M+txkqfvjvsKQVAPcZ305bY=" Size="25609"/><Block Hash="GNPj/pAtw7Vg6eIZ57VukXwGFi9HmK5LZZhEM/cNl7s=" Size="34078"/><Block Hash="85WFNjOicvzciByZozFI7htyCFkqRXMsh2jKKG7yv5A=" Size="34811"/><Block Hash="cDXV00nr39d8hjq1b49jslhq+tVt40v5BHUDgEmga/k=" Size="35139"/><Block Hash="Z1JzyAHOxjnSSpxej+16N224lQDDu4rF4cCikN5nWkA=" Size="27511"/><Block Hash="tAV0sYxMn46MNMKUTooOJrvGpTsaKZIJB7WDHqba4s4=" Size="28568"/><Block Hash="P3HTfDkPxqCLh47I0TjgOAatyx3bO8uWDd7YC10hi/8=" Size="30937"/><Block Hash="qKSC6h/SZDduv1vaspIwOdaMKTT7C7qf+LmksPzKNwM=" Size="28645"/><Block Hash="VI3+v1MWgPpdYov9ZGtW/DxOzAJ9zTXb0etKaY+uTGE=" Size="29866"/><Block Hash="UZYXj47IjT2xrbK4bHvqzZ++b/DZZdSBrzgCQDxrQA8=" Size="10142"/></File><File Name="Microsoft.Terminal.Control.winmd" Size="35840" LfhSize="62"><Block Hash="ceOpS2oyWOU0s0GLtydfDFfPJ6pYgGmEMSQNeu6EPDQ=" Size="13823"/></File><File Name="Microsoft.Terminal.Control\TermControl.xaml" Size="6627" LfhSize="73"><Block Hash="cpQrlcv3rrjpg68Bk2ijTfpVsq1AKKEC/3oLFI6D4hM=" Size="1595"/></File><File Name="Microsoft.Terminal.Control\SearchBoxControl.xaml" Size="16145" LfhSize="78"><Block Hash="bJLBkiP5o2++wIvsOtXeIwQFemf2Oii/LSZwj/MSnA8=" Size="2044"/></File><File Name="Microsoft.Terminal.Control\TSFInputControl.xaml" Size="801" LfhSize="77"><Block Hash="l7FEQXN4Sil3sHF55ZX7YSgaeYJppz11Zr+UlcmSFKg=" Size="360"/></File><File Name="Microsoft.Terminal.Remoting.dll" Size="186368" LfhSize="61"><Block Hash="hO1qx5zlFAQtuY0X43GPVemfaDbJVwT4YB1S4DDdTw4=" Size="31072"/><Block Hash="72bs7wrwuxOmCjuMOgTQk92sTYN2BrRoyZf4Gq+Iuek=" Size="28692"/><Block Hash="XRF6kl0zC1aVVuvSl+qYm3BNxu1U2U/0wJahEHvIgEw=" Size="24324"/></File><File Name="Microsoft.Terminal.Remoting.winmd" Size="14336" LfhSize="63"><Block Hash="DjVq6F6OuWU2ue/sF6n0YJqbLCj3XoR/YuLi8gEmNck=" Size="5474"/></File><File Name="Microsoft.Terminal.Settings.Editor.dll" Size="1582080" LfhSize="68"><Block Hash="D9YuuQpGwDXY62rQWOmmooyE0RvyKjTPhhhRGQcaowY=" Size="28971"/><Block Hash="XiS4preoPn7FuE5jn6GYjJVmUGmh74AMgAOYRSzDMvo=" Size="25174"/><Block Hash="7Ng1qhBna3+8h+yYuqdIiYSKrqBYen6VP/eF0dLh1uo=" Size="22633"/><Block Hash="Cip5QYIzbH26S8F65YKJzFFGDHTc2aaaYBKgREs1Gsg=" Size="28433"/><Block Hash="DF8uQ2T8FmVn4NIKJCzwd62vTt7Coy2ABcADGA4h8+g=" Size="23433"/><Block Hash="5roJDFjNG4or/jhmCqR9zdPHkyAq2lq4/JwdlyVbPQE=" Size="27152"/><Block Hash="gT3pwioodtlJc0RmlFHgUXVSvvf9xxv8hPqeZVGRyS8=" Size="26443"/><Block Hash="v/25baGW5TXCJtmY1I4g5HNojXgP/es5QVLiOhG6FC0=" Size="20979"/><Block Hash="SZZln/b6olJL6hBrZcB/jfYy+HgDB1UP+m2A5cMm/TQ=" Size="23516"/><Block Hash="lUDx31EW/pbqQzbZ1Ro51siYN51TxfK3sxP5VJUx7q0=" Size="29884"/><Block Hash="Yuayf8YHuklCAJqi8ti5IvXkVmKLBrfyheXlRt/gwqc=" Size="15573"/><Block Hash="YNbJz2CBUVMf29EFKkud9eRZAjyxoqjKrN2rSh8Pess=" Size="19683"/><Block Hash="W0LN1PB7QgtVp8yRS/OimwobYjyLGGxM3icU9rXghws=" Size="24458"/><Block Hash="fPLTDMFULJJvPNEXSwQPmFjGp7sBW9SGX2L3XBPnogM=" Size="21124"/><Block Hash="MnHXQGj7+lGMD0M/GA06o4Lz45JFS1ViAuDEb6dLJUs=" Size="22370"/><Block Hash="DZPWSibGpzKy0K9XhSfV0AtmLGSNsITZanJbIRaqjhA=" Size="24951"/><Block Hash="5v/uvTFyt+/TA/WH1tpGQG9sMdomd0ez1UvQLPjaZAs=" Size="21618"/><Block Hash="FRSsAHr6MFn+GNUlVjtCtIPzG4MmYb2C/152/MUr+Xc=" Size="23867"/><Block Hash="80UTIwoAZnsk+Tqn3H3xOg9A8AfCyLJ/qdA+yYjHBp8=" Size="23205"/><Block Hash="tDdJIny9r9XXUcpV8u6vYs5R4FDHkbh1Y0jJIfxuGbc=" Size="22068"/><Block Hash="UolK7LLzxEm2XL3EhNyXfAYq9vzinfoQRAnkNgIrlTk=" Size="26481"/><Block Hash="+Ils7MIAFU3oInVCZZmObSmuID1UWdi3cdZ6tbrIel4=" Size="27316"/><Block Hash="Oj2Y4vIoM4NlMCEcVIop23wU6bUm4QUQg2rKb7EsFwQ=" Size="27152"/><Block Hash="QGEVeX9OktXNjp3u0KF92gUgdcfxrMXuHMNZDxsN6Bo=" Size="30501"/><Block Hash="k0XhqXOeb25Q5TwNjB58m+kmo7udtE0pAt2aHMTldac=" Size="1617"/></File><File Name="Microsoft.Terminal.Settings.Editor.winmd" Size="55296" LfhSize="70"><Block Hash="LzNLqoXP4AhZPZya8yNdygIV7Ai2qev2L9zwBDOzRNY=" Size="20318"/></File><File Name="Microsoft.Terminal.Settings.Editor\Actions.xaml" Size="25833" LfhSize="77"><Block Hash="4hLZnFpLXoK6yLKRdEwo1ipsPaGGpYvvUe4lFmhmuGs=" Size="2829"/></File><File Name="Microsoft.Terminal.Settings.Editor\AddProfile.xaml" Size="4891" LfhSize="80"><Block Hash="eDGzfIx5H1lMjpPF/Luj0bZak2hVAaBOBrMDV5szPyc=" Size="1106"/></File><File Name="Microsoft.Terminal.Settings.Editor\Appearances.xaml" Size="28561" LfhSize="81"><Block Hash="bxtioikpSVRxwYPa/6RukIrWKL/fHKrEWm/t2LbSYog=" Size="2817"/></File><File Name="Microsoft.Terminal.Settings.Editor\ColorSchemes.xaml" Size="21394" LfhSize="82"><Block Hash="wxhzI1+CnhsA1Z9+WF79aFkywnGwoEQihE/zDfoC7to=" Size="2717"/></File><File Name="Microsoft.Terminal.Settings.Editor\CommonResources.xaml" Size="6482" LfhSize="85"><Block Hash="4GOQOld59E9cRMhKkxVDVF28Vb5galFlj1ZC1ZxPRYk=" Size="1242"/></File><File Name="Microsoft.Terminal.Settings.Editor\GlobalAppearance.xaml" Size="4894" LfhSize="86"><Block Hash="xKzWX6yip2g30z5d/Fl+LS1zPE4u+GwPWmdaBPHjPXY=" Size="984"/></File><File Name="Microsoft.Terminal.Settings.Editor\Interaction.xaml" Size="3962" LfhSize="81"><Block Hash="K+SKRJu+JbLwJsR4Dx3s7K1iBXXt9WtwTBlMZIy6R48=" Size="858"/></File><File Name="Microsoft.Terminal.Settings.Editor\KeyChordListener.xaml" Size="838" LfhSize="86"><Block Hash="MDN9bIeEqclTjpqInjWcXUc40K7Yw81nZWYYIy5XrzE=" Size="391"/></File><File Name="Microsoft.Terminal.Settings.Editor\Launch.xaml" Size="9814" LfhSize="76"><Block Hash="j88C5U6TyYhdBUt3yeRRNB90aZma+BStwQvQdzHWe+Y=" Size="1469"/></File><File Name="Microsoft.Terminal.Settings.Editor\MainPage.xaml" Size="8044" LfhSize="78"><Block Hash="UEovRKl4ogKrAiLa5nrf7eg6nZ9SZ/cbGcfMYiKCIF0=" Size="1576"/></File><File Name="Microsoft.Terminal.Settings.Editor\Profiles.xaml" Size="36336" LfhSize="78"><Block Hash="mqSFKiDmOfhiRFB1dpuNhe0+5EQbD55pO2x5fQFKPOo=" Size="3334"/></File><File Name="Microsoft.Terminal.Settings.Editor\ReadOnlyActions.xaml" Size="11628" LfhSize="85"><Block Hash="D9wz+L7VatmpvcnAS5hPpuvmqcmasNUnmNqjNRVmQBQ=" Size="2181"/></File><File Name="Microsoft.Terminal.Settings.Editor\Rendering.xaml" Size="1770" LfhSize="79"><Block Hash="4tzmTG4ta3jmVLuOwUYW42uFsyDLVKElIg0uziMqPvo=" Size="606"/></File><File Name="Microsoft.Terminal.Settings.Editor\SettingContainerStyle.xaml" Size="2780" LfhSize="91"><Block Hash="eByslorKyWiudrOTSgchZHiToGoMlgCwh6iZy/fqhj8=" Size="815"/></File><File Name="Microsoft.Terminal.Settings.Model.dll" Size="1444864" LfhSize="67"><Block Hash="u9Y19JXq7SBd0ndmgR/okTgPKyluxt70UqiAbWuG6Q4=" Size="33567"/><Block Hash="uZvo9yVf0rfn0lHSlekfOeRrXSs9BgXHzYb0exdsQ3E=" Size="34935"/><Block Hash="vIPR0gleSFmwWirdEKLK0VabYZCipiba/pEzW9yA9vw=" Size="33705"/><Block Hash="lOUcyhyqRmcY1LIPspsiUA1b5f2F6aZadytlONpg3ls=" Size="30933"/><Block Hash="dE8l18rNvk7yCFPkBctEBakhCE5pjbM3O6xI9xeFJtE=" Size="24681"/><Block Hash="I6ewah8lKen++xOgRuIBZg3rxANkXhxhbsjkGGhG+IQ=" Size="28573"/><Block Hash="f7Zh2sYpr9lZH3lfwqeCMpK+sAYB20bVCfirQNefzDA=" Size="34882"/><Block Hash="mcfEFEYxo4oC54y7Awctyf14HiYadw0nZw+vcTNHybw=" Size="30085"/><Block Hash="0HP2JPgBN4dSRQqaiGZ4wpnqTPCgesoa0AvarFzU/cg=" Size="23913"/><Block Hash="G3x2yOhRNL4TzaqiRtSTg9nM82641DfAFpCT5XGpwCM=" Size="25574"/><Block Hash="Ys1Yn6INA4o+KTuCbQ+hQYWRszoy0jaM00Ci2Khrx5I=" Size="22728"/><Block Hash="avW3si85bCXA4xtMzgYQmPtAzd/POhrZDxxHGeDwq7M=" Size="20491"/><Block Hash="dkM6+ymH79Lz2bcdjOPSRve6gRhzDd6DdY6XWi55mHI=" Size="29724"/><Block Hash="CeJciKZCiSUL8LB0clrsTrgEzKYTENwX9Y6hIes09as=" Size="26601"/><Block Hash="Ubzo6gktbywieqeBhylGCF9JYjGbiGGYFDSEt9PFbp0=" Size="27919"/><Block Hash="mqJcrWnDc7M1vwkAAOuefMobHQAbQI0FeWXub9bm8c0=" Size="21783"/><Block Hash="fml456p4G+ZVR7Jp27oYguqQd7EaoVmeiv3q3R9Ving=" Size="23977"/><Block Hash="vWoizO5/rfMI8xYCv1SXLdGEqjrOsB7IDYpt8hnlaQU=" Size="26629"/><Block Hash="rg6cDbp8hv3jrY3Ft8nHpWndMR3Zj3S3DfIXC8l7EBk=" Size="30942"/><Block Hash="NgvZtHIgfO20wY6ReVNE++71UwAuxCtz+PabnzhLv3Q=" Size="26268"/><Block Hash="x52byotCIOGytxvWG3dnRQWoqDdZuEQTX524g3Mz16w=" Size="27464"/><Block Hash="N6rVIGDWtL15fQd3h4r3z0ScWWQh1QqoIKXnHPjYtvw=" Size="29672"/><Block Hash="AZQ8i4dPURja+qTZceEy0JORMytylxGsm0iJ7T8CiQM=" Size="938"/></File><File Name="Microsoft.Terminal.Settings.Model.winmd" Size="84992" LfhSize="69"><Block Hash="1/CtH0xXJrT5gtsuZHQwZEDxN3sv3VAZjaK/a7EpjrM=" Size="25359"/><Block Hash="3Z5iTMVbT5Iqx0q53XKWn2XNWN6Pz4nyvmqwdALLd78=" Size="6496"/></File><File Name="Microsoft.Terminal.TerminalConnection.winmd" Size="6656" LfhSize="73"><Block Hash="ZvFG39DSSSv3e0hC/YciyhSV6xFGrDtCJ7sYXKnC7o4=" Size="2770"/></File><File Name="Microsoft.Toolkit.Win32.UI.XamlHost.dll" Size="110800" LfhSize="69"><Block Hash="dU48cUdlEODoxuqEUievS1j0UBkwmN0UTr/7nYsw2/c=" Size="23889"/><Block Hash="fnY6JOxuZ8BLa0YQVTf8X3/UGpmikGdVbXvygCkfaRk=" Size="11438"/></File><File Name="Microsoft.Toolkit.Win32.UI.XamlHost.winmd" Size="11984" LfhSize="71"><Block Hash="e8T1cDYBxIROuPRFnUdhVw0PCLFvQdh/1smFHGk0ct4=" Size="7062"/></File><File Name="Microsoft.UI.Xaml.dll" Size="5371272" LfhSize="51"><Block Hash="JlNuo2Mg9hBmu7ZbsUFt/yFnFf3vqezOvKrg+EyXFBM=" Size="31513"/><Block Hash="52QPWv8cxbCLoJK8z0SOMV7H8YYzdHTMn6o5y2He9j0=" Size="29258"/><Block Hash="slCQrwBudNqP1kijCH0qmBkuoa0y8aI1aK9drsgr67U=" Size="30998"/><Block Hash="/HMRNxhKkevK8CiCrhCxAO94/YTpoYOoqSA2CpTJkCE=" Size="31738"/><Block Hash="JMuuaPAyEEEBRA+JD6Wz9uPQhJhtLpZFhNEL+G5g45w=" Size="29353"/><Block Hash="zPDFZCe2+RskcEWFVFcKKaioEwjZaA9T7wyFxLwiOo4=" Size="30570"/><Block Hash="91wWcWhEOFoVuoMT1WKI1fssJebhiRF+oXNNQVDCGcg=" Size="26070"/><Block Hash="iuC1BwgCCnedm373HzgFrqkjXEGDYaWQDH4/Wou0Qlc=" Size="26546"/><Block Hash="gjACqL2zC5uYC1gB72NqdnpLS07NfI30fE7qU/wbwTc=" Size="20149"/><Block Hash="2q38t+d+tcE+3mcDa2L4oPniupJ7u8lPXem+plOik38=" Size="24464"/><Block Hash="f/fHP0pjIPSdjaR57bP8BOepusTBw1EmtgQK8VqDN34=" Size="29047"/><Block Hash="mT7SbhNOUyLzwHquxnJdhWXdFP1/zvYIDNEwRaiCydw=" Size="32384"/><Block Hash="5zKMm9kNHM873JQ4QUCqEkNZmys8VSydbBEng0gUIMg=" Size="29850"/><Block Hash="Gnbb1R7JCVQXUN/TIk7K8XB2KahwCcAmkpRqICuReCg=" Size="25391"/><Block Hash="w6JYvamZeLhXo1fjZYGBhvBzpaSnhlYHn5bckJoUeXw=" Size="21541"/><Block Hash="YfJQY27VqThEjpZAseHoTM0aC6ZLCfgKeR3IuIbzqAk=" Size="23723"/><Block Hash="iPRk+1BMSSPN+nB+Ns2rhotr5j44Gh3RmqMZ/0iDIxo=" Size="27237"/><Block Hash="Ny4RHA1tuwWMSf8xum+CUL2JcgEm1dv16prpp4kgpQ4=" Size="25290"/><Block Hash="+h8QxN/hFy6UtKdF3zqzB5yRBldYfGQxyL/VgHruADQ=" Size="26851"/><Block Hash="r+IHHwn8G6SzsNCFgRCEePyqa7RBR/1VaRrS3YSvPys=" Size="23482"/><Block Hash="nXtY9MTyOybk3Uq8DtbnQlCurBf5FSixwiKCn7dDMnc=" Size="28866"/><Block Hash="LUA2XLzDTI8sNEVAX3cYz8vKc+ZjiFIahnesQVaS05w=" Size="28140"/><Block Hash="vjYlPZ1j3L29gM/CJGhLcaPFl2WczEvCgQFCw4S57jA=" Size="24971"/><Block Hash="x8tbfwxdBOBUN2iGXHksF70dwr1PYNAzM5FeiPTy4Ko=" Size="27557"/><Block Hash="FLwWGLrFMFwJMiMnWiQ/Eo9IsWuKoQXBb1pR5JZ98yE=" Size="22952"/><Block Hash="AOuUx6gep7fUlj+42MsoHs/Rn9rKsPb18u8NwuNVRO0=" Size="27275"/><Block Hash="Y3vSp5+tyMs5CYBIYZe/x5w94AIV8jKwObMb06suFHM=" Size="25541"/><Block Hash="OUtkM7W7yx7R5kzkH+23sVML3w0LYxJAVheuLMWvZ38=" Size="26473"/><Block Hash="kdhItNuCCwat2o5/NjiEdKgpzsw/MmAor37MUJ4J/Vo=" Size="23619"/><Block Hash="wxKBMM3dXf/aAauBb5gs0Fj1KmE2smbR8G17S3mbB3c=" Size="28204"/><Block Hash="5n36Uk1araz/xSqeEnVLrEb6IUV6RZQKBNPTk4sIvrE=" Size="27966"/><Block Hash="GoiGopRQO96F8olpFkVU3203HrHBYCPtIEoNHlN9kE4=" Size="27254"/><Block Hash="Qh58UqXtVbZg6ST1Gjz/cq0M+2R/njr3/wR38gEE8Iw=" Size="29917"/><Block Hash="ENE6ZWZ18/7UkCzUu8d42y4d9RP/Ur4LbcqdB4r6E7A=" Size="29816"/><Block Hash="rtaK55zgOocczTbs/rgv6i8b4mUpRu4GdzBppRLTwO8=" Size="25878"/><Block Hash="emFRISPr3w/NIJJpecz/fH68aa/Nj0X6GDCIYpk0Oc4=" Size="26673"/><Block Hash="hNTlpWwLhVBnoLDmwB4rIl0psHr/PPqor5erTwMh44o=" Size="27753"/><Block Hash="1a6evPQRlZTBK8uj8WjgSrW/MY6kjHyew+pK8FWMpIc=" Size="24904"/><Block Hash="UvSBAMAkKS5Lp+y4jdRxTK0RScGX+lJ+6FDRkE4WbcQ=" Size="30017"/><Block Hash="O0Q4FS3sW4VIWLgQcGty9YD1Cws/CpPQBZZcGaznX34=" Size="27738"/><Block Hash="Vr9A6rgWQ8Cr/Ky3KdkPac93jKjtnYuyW/ki4Al2eqU=" Size="28360"/><Block Hash="0kUw+ERfnILpCsZZF3PsBAd1/ZRNibkAyU95MD9n/Po=" Size="30841"/><Block Hash="efOHb7DvvmWuLbFcBp4d4y2hfsWacN/jz4OwoVKYG98=" Size="27036"/><Block Hash="JXGum0OOwDmPHeeLOYem9euMSihAU+oje00zyuoU4pg=" Size="27000"/><Block Hash="Fcy+GwasZfx6kVaZcIdxd6b/C9KcLd6+E/NtPIr5p5U=" Size="26086"/><Block Hash="0WwdUAQWVPru0/227aBKzqcf9G8awLklx2RpE5jL+QE=" Size="27927"/><Block Hash="5V6cVsVu4nQYdbErP6U2VRd/xsz7VdqJMU9ydEE60bs=" Size="27418"/><Block Hash="G6U8Q6L0BbOMQR991b8pfkIlbx2+lJpBthokKZSdl7w=" Size="23467"/><Block Hash="vj/RRmiVo9Em10fL6qKhKfdWLINy4lnUoU2Km1B9lrk=" Size="25149"/><Block Hash="Bwfpjoyiq6Sj5jr7LVMK/0vqR3gm3BRsepJvJDDRpKM=" Size="26802"/><Block Hash="4VSweAo6EgYyrCdn5grzM7cFV4waOCMdMUDMesn8GkA=" Size="26425"/><Block Hash="Aqfm6a/gHc/mjz2PnkrIDrGeZu+TkGo73Q6kLV4uxIQ=" Size="25476"/><Block Hash="DJ7rDnslW9DCHUNK69F9bhGQU55VPiWbkye4ZV2gtNA=" Size="30565"/><Block Hash="XzfCdpwuE8y6DOCcHRGN9knsR+rdYHD+qItwNQDrrBg=" Size="27551"/><Block Hash="3bAnXr4ZnEHrDe+FSkppTecauEHJ0ozJDKW7C6RQ3DM=" Size="25962"/><Block Hash="xIHeZ7hpetEWuFWISyeKdzZUdrq3MEzHbOn45DZnLfQ=" Size="21939"/><Block Hash="yvaXwZTrajXFm0CwEp+upG0tSOshtiHJdX39k6IWvwg=" Size="16978"/><Block Hash="aPQIU2XWsgggoWpDwa1r6bLpNvaOLvNiEDY1IKaC1Tw=" Size="18777"/><Block Hash="hXRKo7e0+86X5u0qxzgC5geJjudtmJfUlUIBMO24vEs=" Size="20438"/><Block Hash="jPfviw7m8nuPLzMTNsCKEDl6f7rzpRmWP7OWMkxXfTQ=" Size="16016"/><Block Hash="XOyuuCVq9svjjKVwBGPHOJEQhjiyBpxhBpeHsqAz2gE=" Size="19585"/><Block Hash="sGj2DGmEN7hAoD//A1WqZxFDkMMrSCHINTYIhIgniII=" Size="18317"/><Block Hash="GkPopBuC4ZBUYu73+wFUKpK1Fv5oIqb2r1bEmGv/nvo=" Size="12325"/><Block Hash="xWXdox+kckgZNdlw2XCeqUGQbBscahDgfRYafKxGoKE=" Size="12101"/><Block Hash="NR1aB1ervAPk+jKzNKjWynZs+fo+h/apzcVBAWJ7QMc=" Size="15667"/><Block Hash="XbeRFHKPYenhrcyn+0ts70qMxP7jWHQ8J7cDQIHvbNc=" Size="15621"/><Block Hash="X2gEdy69PlLFhZg4N0AZHcDWtm63HugvP+2vcFRsz58=" Size="27282"/><Block Hash="u+b4tMaaYAaGWK/khIOpqHiuFgGmuoNA4YeRNICNwW4=" Size="32971"/><Block Hash="FxLRDG6trYW6GCcfxFsTY5vHn9gKrfzcZuzYK1iw34s=" Size="29246"/><Block Hash="lGTPdTs/MWm902HY2fWw6kg/LSc52ywngFkZJ486OA0=" Size="26313"/><Block Hash="zJBn+BHbJ6vkpqpwH/U+TjorEFPSFNVM2ajWLsFAy6s=" Size="27635"/><Block Hash="Rj/lKXOSmnT/Cbkhc5jpPzu+CE0OXa9JYKH4mvysQZ4=" Size="26422"/><Block Hash="fftFMGr5nPWBckRj5CX8wKGO8J7CTvHGQDq58Lq3GiE=" Size="29421"/><Block Hash="qhBgXIc9zHNacCMeHnCSZRfF5Rn5UbfthxvTUL+FiVc=" Size="28831"/><Block Hash="zbgW80yfYo2YSnP4G3mzHFG2ptqAloDfvK01qd53ozo=" Size="27133"/><Block Hash="2XRi9xiYiebE8PpVdzeMth0LuRmuesxG2ALSckI0B5Y=" Size="27487"/><Block Hash="9BGXvfWeRfzlOKPPfolO3iMiFS3zMWhUULs9xeUzJ+w=" Size="26886"/><Block Hash="1NjcAIYaPaCTkbVkAxFy6lXusPpDlE7GLpZm4HFA1PE=" Size="32866"/><Block Hash="hjgmuFT2P7kpUE+IRcSFDgKmF4NGK0/LxMpDXSHE80s=" Size="33557"/><Block Hash="sQk9iS9CTAQQfd2bbgn1n+TbZykHUkNww/m7NmmoFxA=" Size="33676"/><Block Hash="74joLRO0K8XVv62qpAAArrSQQ7Of90UofDHLeUoE/54=" Size="32509"/><Block Hash="T4nfoxqUGOvmVd7Ew7rOPlj3ILhxrWXIf4YfBeQeJ8w=" Size="8813"/></File><File Name="Microsoft.UI.Xaml.winmd" Size="374664" LfhSize="53"><Block Hash="2AdMbXLdBT5YCHDiAEM6PLpCi1taPHAWSfiKIxnQgfc=" Size="21163"/><Block Hash="ygHtQF4nPGPwRVxtWMpv2yGT4nRn/QnNnDzhFxxGMVU=" Size="12797"/><Block Hash="GPENx7ADm9VriEAhJa08yUQV2zIjxV4WHRAE7QXdmgk=" Size="22789"/><Block Hash="xCMQ5POc1Jaajk4mPN1rphNn9AAu4ihDnHHDsDHVODc=" Size="28762"/><Block Hash="2URa9SZBe2mg2CPMsm/Huqc13LPBvu1vxyrAb9dYRMg=" Size="15664"/><Block Hash="ChXEaAROfDcQyjSyv8DK5OHpD3DiVHcgT3qQ672klQ4=" Size="18477"/></File><File Name="Microsoft.UI.Xaml\Assets\NoiseAsset_256X256_PNG.png" Size="3241" LfhSize="81"><Block Hash="TyqpSi40WjLa5okXa4bGRL74cIH/na74x3QXcxhiAxs="/></File><File Name="msvcp140.dll" Size="565640" LfhSize="42"><Block Hash="iZN409MliHcz9qxVFMwwkN7BpBOLmjCrP0+BT3JiO1A=" Size="30005"/><Block Hash="Y0Ca6tO551lDh2Vsnm6dYh9yKrhNdd2+xFv5ArCj6t8=" Size="22966"/><Block Hash="WWQaWvC68K9UNbDhmYGTVGDYow2BPXRN7gbkazZ48Dc=" Size="22765"/><Block Hash="o1/qj9qJc5L6HPyYGvqKmYKu0GSiSzjCeuGujvy0Hb0=" Size="24355"/><Block Hash="SNa0Q8SGDW60lGChBg9ZTFecHGGCYVlij/HWN8veCpY=" Size="16327"/><Block Hash="nuEnNpKOpNCHrz1r9Q5YSH/6HUFfIgG+2p8GJxOK9js=" Size="24562"/><Block Hash="UT1QtNK+bGC/7VoqXi9G078eXyON2WvPjDIjbHI/R5c=" Size="18027"/><Block Hash="bWXYHjOx+r2CaEV8Ty0TiclLBS/ydpmKz6ofNIkUFFA=" Size="6006"/><Block Hash="jfnmY+azOmKBgc4kEvx3+1mRncPOhVTDqfMmMD+mTGg=" Size="18941"/></File><File Name="msvcp140_1.dll" Size="23944" LfhSize="44"><Block Hash="GK70IYcHLDW1N76A47LafOSRmyyVdK3RlAnZjjAm2RY=" Size="11950"/></File><File Name="msvcp140_1_app.dll" Size="10240" LfhSize="48"><Block Hash="XA1+LJNJWRlVTuc+gVkplA5it/Z1TjMPmaJLiMJae+g=" Size="4294"/></File><File Name="msvcp140_2.dll" Size="185736" LfhSize="44"><Block Hash="3tcPhuw4CbCTp1sBcc3K2e4y7J3sF6fuT+hl/ZsPRvU=" Size="25525"/><Block Hash="pvlKEkR32DAiu7YqhR73+pLXC1sFZ0tMBR56pc26sPs=" Size="28524"/><Block Hash="P9WrXbPP9TH0URgrcY14AueGm19u8E8VHBZXLh/rG6Q=" Size="27291"/></File><File Name="msvcp140_2_app.dll" Size="12288" LfhSize="48"><Block Hash="ibXDa7BtL0lQXvjOglfK2b4YjryYC1S5Q/rs+iF2Z4s=" Size="4794"/></File><File Name="msvcp140_app.dll" Size="250880" LfhSize="46"><Block Hash="fMDjXieuka+bWxLvnIvmWski7+ur6wAQ0V1t5HasiyY=" Size="16627"/><Block Hash="aoxSO6LMNFBP0+0RzeXvQAy2OHkfAfRtK76MZWxTspE=" Size="4968"/><Block Hash="NniG4FMwCQb9TRaeZ/UWkhsT22EGb3MeVcdABzSw/pY=" Size="3564"/><Block Hash="IrsnNsdsN3u22KmWQ7SqFMoWtsAE2OvM5KFUTsiSxrg=" Size="5562"/></File><File Name="msvcp140_atomic_wait.dll" Size="56200" LfhSize="54"><Block Hash="pXe1/E46FK4UFlfDCjjRH/hZMTXlHlVIWyUuuCHUfnU=" Size="21769"/></File><File Name="msvcp140_codecvt_ids.dll" Size="20360" LfhSize="54"><Block Hash="4e5tKeMHCK1YEgNWJrvBBY6hL9VQPVp50oyctn+rShQ=" Size="10553"/></File><File Name="NOTICE.html" Size="13424" LfhSize="41"><Block Hash="/8zy3aXeU6ZdLQQ+wOEWXK+4cuaugr7Fy4sSnkV+TCk=" Size="3095"/></File><File Name="OpenConsole.exe" Size="1095680" LfhSize="45"><Block Hash="ruAYQ+A/M5yZurkhgkjnqFWsav2ImBxc3w/KZ+mb10M=" Size="38731"/><Block Hash="4kNw2gwemEQJvhVX8UAGlZLdkgy2IL9OS+c7KOwUKQA=" Size="38351"/><Block Hash="ABlUgjUja30GO8eNdChBZoJK2Fv8PHvhpDXZJ5Kmzq8=" Size="34399"/><Block Hash="bcgwOx4C2DzwvX9gsJjaAi3Ugj9wGw2aqzkXFSLnZdA=" Size="38214"/><Block Hash="L+Nl9YCdfeyInz+46YayY1+rDuYcYuW/cc19BQkG3xI=" Size="37281"/><Block Hash="VV3+2ZW1+TARMrkN9NiNxBiLvVFAnnLIghdKQ3gN5Tc=" Size="33359"/><Block Hash="/icnXdCI0O3bEvEepOa4cv/0vudVgoHEqXr0V95HRgg=" Size="31025"/><Block Hash="aPZjsg9VtFEZQL0L34zoqD38VFbvSK5+u1OOBMjG+Oc=" Size="37041"/><Block Hash="CHkhMF2HkyWsT5w2BHRBhdO3ZXKr4s/9pAwJdwTcHDc=" Size="34449"/><Block Hash="XOfcMG0hFWsLyjGoEM/8OQOYxfzx4gY+VWU9gRt7IEY=" Size="35642"/><Block Hash="Jqp3BSSOkTMb7fVtPtO3tdk8caNf6xDKd0UIUrzle6c=" Size="34272"/><Block Hash="e/v3kO+ilxsh1HJ8ApxdnEGHWxUj/5YvbzB73tT1dMA=" Size="35592"/><Block Hash="dwzH0N4zbeJZEhXdHOrmfU22moOLYpmIAgt15heAusQ=" Size="26670"/><Block Hash="hvAPP9Ej3UQnE37/UrKnvWVi6UPtZ6gSVuMy47NzPAY=" Size="30500"/><Block Hash="W35BPBL+W4vvLFvRJ/sTeYQGRNJNHOzlQkVuR4YohMA=" Size="31897"/><Block Hash="UedEWyFtbMRbVWlSgffKN/WPDffPUNL/CN72/w7Z89Q=" Size="29615"/><Block Hash="urYvEPqj/cxC4OGSwarIpys+qjdZvML09Mo6dKNgE8I=" Size="15883"/></File><File Name="ProfileIcons\pwsh-preview.scale-100.png" Size="467" LfhSize="69"><Block Hash="WShiOCpGwjbFCJnsaM7XdjDawijCxYiVXHuJ0498Rqc="/></File><File Name="OpenConsoleProxy.dll" Size="16384" LfhSize="50"><Block Hash="8djN1guCTZPB0SoSw9Q3mb/HWVtmP8NxM0jvsqYBQmU=" Size="6686"/></File><File Name="ProfileIcons\pwsh-preview.scale-125.png" Size="606" LfhSize="69"><Block Hash="dCXLfKbEkBKn8E748vnopFrBGvT0RFqH7Pc4SLoCJig="/></File><File Name="ProfileIcons\pwsh-preview.scale-150.png" Size="680" LfhSize="69"><Block Hash="9zp452HVMYWsn11pPY4jUF9/IRMbnFYrPfxooz4Cma8="/></File><File Name="ProfileIcons\pwsh-preview.scale-200.png" Size="809" LfhSize="69"><Block Hash="R9LC+1BMt6vnkYS6WFfqePiy3a5WZ6U6dHLEIdEhufY="/></File><File Name="ProfileIcons\pwsh.scale-100.png" Size="750" LfhSize="61"><Block Hash="HocOTu2hRA5cjutnOAZGa+rxVusm36QVOUgNI0M/5eI="/></File><File Name="ProfileIcons\pwsh.scale-125.png" Size="1051" LfhSize="61"><Block Hash="b8qjjJHLyWHcabKdmOJDIwSJZdvFPzVw4L1oP9S7YWE="/></File><File Name="ProfileIcons\pwsh.scale-200.png" Size="1357" LfhSize="61"><Block Hash="ador5tBFYoF+t+N5w5S9c4NxiCttswoaDDBKc3nWdEM="/></File><File Name="ProfileIcons\pwsh.scale-150.png" Size="989" LfhSize="61"><Block Hash="8feRkaeporPPMqfdPsI4EElPqt3g/O/CnjqbALFV3AM="/></File><File Name="ProfileIcons\{0caa0dad-35be-5f56-a8ff-afceeeaa6101}.scale-100.png" Size="243" LfhSize="99"><Block Hash="t3TxtRZn+m7k7M+VaNrdXepA5574R+Fj6AsnnVUzhRE="/></File><File Name="ProfileIcons\{0caa0dad-35be-5f56-a8ff-afceeeaa6101}.scale-200.png" Size="641" LfhSize="99"><Block Hash="DVdbPUYxBZk2m8tB6+3U/Y49duaIe9+K3p4vt/BmZ9A="/></File><File Name="ProfileIcons\{550ce7b8-d500-50ad-8a1a-c400c3262db3}.scale-100.png" Size="647" LfhSize="99"><Block Hash="VaSbtYjXJSL3D7vnExjsdMY/jP1FwQjLhXSyTDnbk6s="/></File><File Name="ProfileIcons\{550ce7b8-d500-50ad-8a1a-c400c3262db3}.scale-200.png" Size="787" LfhSize="99"><Block Hash="9h25vMNyUWVY4Az+vE/5wxBnXNTJ7Gv+Lcl7hhINs3Y="/></File><File Name="ProfileIcons\{574e775e-4f2a-5b96-ac1e-a2962a402336}.scale-200.png" Size="1464" LfhSize="99"><Block Hash="Q/JiykQGRLl+HXZBEji9nIfHE34Z3elIo5kgOJkHtSI="/></File><File Name="ProfileIcons\{574e775e-4f2a-5b96-ac1e-a2962a402336}.scale-100.png" Size="737" LfhSize="99"><Block Hash="j4HTQ2qnpnXtbhf3O8r6yAfQcKkQ+jKGqwzkrkN7Ij0="/></File><File Name="ProfileIcons\{61c54bbd-c2c6-5271-96e7-009a87ff44bf}.scale-100.png" Size="616" LfhSize="99"><Block Hash="Il9pwBMh10Y3vo06BBRp/xQae1DjfVKdaxhVQwMNhu4="/></File><File Name="ProfileIcons\{9acb9455-ca41-5af7-950f-6bca1bc9722f}.scale-100.png" Size="755" LfhSize="99"><Block Hash="kuE9yaeYmWlmeIk5DXcbNkFH/JSyWeAbjfZLTtbWovU="/></File><File Name="ProfileIcons\{61c54bbd-c2c6-5271-96e7-009a87ff44bf}.scale-200.png" Size="1145" LfhSize="99"><Block Hash="zpt8YI2qw+eItYnCjf0Nw0d77mtGU13sLlyaQ3JHAEU="/></File><File Name="ProfileIcons\{b453ae62-4e3d-5e58-b989-0a998ec441b8}.scale-100.png" Size="480" LfhSize="99"><Block Hash="gYDxDjdG3jg3ILG6cI84WWLWZpb2iSxR3aSqfMDI3gI="/></File><File Name="ProfileIcons\{9acb9455-ca41-5af7-950f-6bca1bc9722f}.scale-200.png" Size="1668" LfhSize="99"><Block Hash="jlK9r/jYMH0eBYXLsXKCpG1pr4hG6+o35Xa0ycAZ1Xc="/></File><File Name="ProfileIcons\{b453ae62-4e3d-5e58-b989-0a998ec441b8}.scale-200.png" Size="943" LfhSize="99"><Block Hash="2xgrUhKdbNZvpg6ex05pA2nrBTaZpY71cH2pxDmdYP4="/></File><File Name="resources.pri" Size="7377184" LfhSize="43"><Block Hash="yrhvAaqWJnwxzLE0JHhv5F7MxVV9bQy74L8+IJ1Lx9U=" Size="24439"/><Block Hash="e7M2keCX1OJZYcRuajQosb7R85YkuPvwLAzXIiVMsFQ=" Size="14789"/><Block Hash="ei0JsXdwbRu32qZJbvc8i/tf+tW8qu1f9BM3ljTtDL8=" Size="17566"/><Block Hash="LxC90o9BIGf/cUpPI4vbadC/3Om7W/FiF8SKkSqcGzM=" Size="29307"/><Block Hash="J5OhBfuVbuj34Nizx57h4FEtl96mMErsvduuziiV50Q=" Size="26956"/><Block Hash="/rWEYLlL4NADSyrefXGz75s6yD35Admg0iF9+BRRvng=" Size="26792"/><Block Hash="PDwsuCyEUHTRQjdUc5KDqGGfyiQOsE0Mgfs6VUfKCds=" Size="26723"/><Block Hash="t9fvnCN8hFY/R3jYDlWEIpVqW3THi8gtEzyJCUHewyw=" Size="27677"/><Block Hash="vRYTmHiiyapPTOG/jAFfbrOhRmotseyscBkcMdn2Tmc=" Size="21652"/><Block Hash="rrveg4RRuRswPMQRuDDSHoFxgEWLevdZV2rmJ9W0iRY=" Size="26130"/><Block Hash="GtUj4I68IQxPZDL7rKz13iMq0/IyW4+JiGv7LS8cmy0=" Size="7856"/><Block Hash="vNVGGTFyOtTCMvRd8oxMZ5Cj6pNTEIep5zhrIE3d/60=" Size="6038"/><Block Hash="bT3XtYhRIyGVMF5AnOBTF8U+Gj3bDppJx83XxqmINug=" Size="10241"/><Block Hash="hQs8XWhAU/wpDu4o5mOH0LJ1WF76D8HFFNv7FGc36Ug=" Size="26294"/><Block Hash="ncSi8TBjvaeM0acaaY7kpjCe//mW2AvEo7wbqlzNZC0=" Size="17029"/><Block Hash="/jpY6LInWgX8qZ1c1kA/Gh+6awCN5rqcU+Pwr5ikkTA=" Size="14530"/><Block Hash="zXYJLbic+U0yGsQKaMkGWm00xC69yh+hNH+3853e+ps=" Size="11713"/><Block Hash="/BGklQXF42N4fjQbn5xJVZG1hh+JfKHn1Ev3dq1+lio=" Size="18289"/><Block Hash="IPL2XyaMlGrgLzuAice2JOoOhFVtiXrP3VQ4zfPt2Zo=" Size="16573"/><Block Hash="vKbuOEfeGnxSJaNXKaIZ+59cz0q53NN1AFq1F8lwEug=" Size="9592"/><Block Hash="TPvtjqm0tWPlcfyelWV1gVmRi0T6lKGUL9CKmDXfj+k=" Size="20649"/><Block Hash="ukCbIlo7XbFzOSwm17JbrAwN+TACs5oLH6LDji+bpu4=" Size="15690"/><Block Hash="zT3JZmX8tXbQkiN28BDthVH5bHr1stBXohDZxBhT1Vc=" Size="5697"/><Block Hash="o5INgsfeOLQhfS2fHR7QGDtLm0DC5yJ/zq0v8B1AY2g=" Size="8105"/><Block Hash="USRffrwwjAaSixTjwXukClDzcZQneHabMEJChbkX7EY=" Size="17081"/><Block Hash="AEDLBRbYIjCF9oBrEFSIXZ0z6XGYi3diQldNQGgB+wA=" Size="18673"/><Block Hash="xsZ4HNds+76RbICnRyq3h6s2QVxYTPC/ITin8ox1MXY=" Size="17402"/><Block Hash="tF2kUdSuQTHaITpeFNqIJYf9xNiQglMTqM+MfIWZEKo=" Size="14526"/><Block Hash="zJNrBTvLyFIXiNKlOr+GnYKqvZQviJRNnTZ/4ImMtQo=" Size="16329"/><Block Hash="pM6m3xabB8mOwhchjzVb9Gr3OsPMQMiVTP+zPDLafHQ=" Size="18228"/><Block Hash="JrG3iUMHSGH7RM38I2uTTfmiKWsb7NnWpRNVCSWwodc=" Size="10596"/><Block Hash="Un9bjNcEAi8wbsdW7dXSDUETzR2ZoqGO9kiMIsJoIqw=" Size="5796"/><Block Hash="KvmmrBP4aRttQ0bQHDMTddMi3TkIhAu2rg6N7CRSGt8=" Size="9056"/><Block Hash="iHzhoNdgfpjDA27riArgxwE7Axjnghv7QzehwcZfDDg=" Size="23281"/><Block Hash="ikzqGQmMOTqu1X7OB7RjoU+rnLLcx7/9F7cv+zKWe9Q=" Size="11221"/><Block Hash="E5BN5Xvta6groRXOwjXB9NpmUk9OWGNO++WhY1oThJo=" Size="16921"/><Block Hash="dEjXJS5oxSiprSnmaNWIu3RJ3gRf1WI23anqTOwi9WA=" Size="11207"/><Block Hash="yDXo4wS981Q9I4UBCn1vQJ/HLJi3wFAvqAvlxbWlry8=" Size="18374"/><Block Hash="YzCsEXQiF1W4egdFmoUIXhfOfJfuOBdc2Z9S6QiaVdE=" Size="15395"/><Block Hash="CboYhPkocN/caDPkye9+lCbrQR6P9hkB2x//OcTwt78=" Size="12808"/><Block Hash="AhZCnGhCOq8x6W8zmeiZKqFB2cmBsNGQYe21FNClcd0=" Size="18260"/><Block Hash="IvgK8iO4bkvbPOC8nEWVAdreaDJBuNwDmBnA2DjT4NQ=" Size="18776"/><Block Hash="WspNwBMjhn6nk8xejxjOgWXpQn6A6TKajuaHpKeTpkM=" Size="5641"/><Block Hash="jvcao/Vnlh0RbMAt70RHiNHxRxASP6t+IcNqFAQr7A4=" Size="7222"/><Block Hash="+b3nQWoSSYBJh0uLh1jqszeI7puF0dSfejVUMi1Y2hI=" Size="11852"/><Block Hash="uZ/PctwNa4fKx8BcNiLZ/Txs6cS7l/KplIZWq7oLFmY=" Size="23110"/><Block Hash="QplAnZhu4Loo5qm5PndkxiJYWqiz7kxediIRnNxOLWI=" Size="17316"/><Block Hash="776igJpTyxeYvoPZk56pa1vdwZcGtlFG5H9RPHVo+e4=" Size="15993"/><Block Hash="4AF/2Cy+d7b+/Tws/fDLOieIWPYxCFMFhTk5j0Jy6co=" Size="14617"/><Block Hash="hIXbtxVVUgp9fgaRngztiqpnv8hMRwhPri1qmZcN/tE=" Size="17483"/><Block Hash="4ZIWMlJo8knXmSx0zYUr6F0oByvgBs8TvtUluoNHT4g=" Size="11888"/><Block Hash="KTc3ezYBAnSPQy97Rx5vQ2hJxbKDoRnAgGOYOAUyZak=" Size="5739"/><Block Hash="fATtcU2ppC5LcpaEo/L+l/r4PtqT63FaTDyY7mrjGlQ=" Size="8466"/><Block Hash="cY7dgPaBIcyYIBOwQXTsZ5EGCz0zJTaWWDFj+gy5hKA=" Size="19227"/><Block Hash="l5UAXeR+cOvAaQbvnI/ijE5b1E7lvmvs1J2kGnMNeE8=" Size="15560"/><Block Hash="6EzJnEqwiy9XmZq4usX8RazM4xd1s2N0KMI87ozYZPs=" Size="17712"/><Block Hash="oeEKjx8hWG5dzuynmbRsjBOjWHfOYU2bc9JSsfINvOE=" Size="14904"/><Block Hash="P4ZPIySxYbt93yO6uAAvLLpg4eSY7/qEq6JmL+QqIGI=" Size="18119"/><Block Hash="EoXpy2hCOBciYZUkTJxg9Cy4dtgEdRMd6hXW5U/h0Tg=" Size="16429"/><Block Hash="+NQZsoerdmggrj+q1sdBgJsIyQSJAXFurDV1QudulPU=" Size="9719"/><Block Hash="F6Rax4pP/909QrXPoi/TsHfgTdDgb7D/KS9ZIsQlMwE=" Size="20653"/><Block Hash="QBVlpe9mZsTGcvg07EhJFQjzmCEF9U0WyH7sbbfc7WM=" Size="15613"/><Block Hash="yA/k37Tc2rrDJWsT/Bfq1QFFJhj2QBw5/UL2DKtKoHM=" Size="5735"/><Block Hash="KKQxUQaWbBJdQ1iu1ZNhWr/BVQTP4le+KhhN7WJsip8=" Size="8530"/><Block Hash="2pRKn7EV4A4z6iJwGZRaEtsha+U/gcnZ1kmygiUyEbA=" Size="19424"/><Block Hash="d7qDIqCfP+Ho+XtnrIDjveqafXgsraS6A83z/3QmdeE=" Size="15322"/><Block Hash="e+eOoyKcXsNFMMvOvWhT6qBUaMftsFaFR8OwfHxCwps=" Size="17690"/><Block Hash="W1Hs4mqrOJyKx6v3fPEp4DQqrzTd4qPMh+3jAySDAoY=" Size="14876"/><Block Hash="duLrLFA0bBURF+5+scR38NtE8XLEdM/j9jXPoLCieag=" Size="18122"/><Block Hash="cMOOQ+DKkZjqGRHSjMAsa7vMW40XkQ4E5cymq7082Q4=" Size="16493"/><Block Hash="8WuTY+F8qUjtMwecLbkxMysZmDEUD+hCoBv8ytOQa4w=" Size="5806"/><Block Hash="ITOjht9/dQgmHes9Qn2y8Ud6YoPQSQtc+8jabY1nvho=" Size="6617"/><Block Hash="lhsOVnZaMT7oM2CfJdaFb+qe5r/mYkuW3VOtE16TNkY=" Size="10189"/><Block Hash="TCTklrf3SByzveAuvTku8KlcxbCJjlFEWo+5ZWJiReM=" Size="25191"/><Block Hash="8yQpc+U9miVFnCeXhSwvo5WTlQ1eCNeTq1tYCIsnoQE=" Size="18703"/><Block Hash="O9+pe+Gu78HUq2mrZYkoF0SBVhnJXJppO/kd2QjQL5k=" Size="15518"/><Block Hash="VU/13Td6+B8NM1YRzqFz2a5I3Y9gxHQzPVgJa73Km8k=" Size="18067"/><Block Hash="NrWet2npmCCrxGXpaLzobvELYvfnwd3Mo5EJS05N9yE=" Size="16015"/><Block Hash="WUADdrvcVDRyePEPpteWtiqd7BljEZNEgfxZNLF11OA=" Size="11824"/><Block Hash="LBCbXJnFA3KVhzSBYMmDRp2MlBFXrz/u17Y4ObPhbxM=" Size="19450"/><Block Hash="mWkmGa4sFVY98/K3eHzZ9+mF6iBBbLx+yDcxJ5jP5GU=" Size="17283"/><Block Hash="n44kzHQCccwCwY1RwKP7BGgqiZsxvB2WsvmjP2ru1XI=" Size="5747"/><Block Hash="qNSVbTbuDrsRbWx53Rd7fm8St0QnvOPqu8m8tJpQxTg=" Size="7718"/><Block Hash="2vJVDhSI3kQaHQ0TI5RMbPYXCKqgtr0dZ6zvwrrdf7o=" Size="17609"/><Block Hash="26mq3IRk1iXc0jm2IeWdS4V8DPHBxwDtCLBl7u2C2yk=" Size="22523"/><Block Hash="nIg4vs3CqG5kbxZrMAchm1OoRLnmM+VbCukxkyYslJU=" Size="20684"/><Block Hash="c232fp3qDhvIAxNBSegAvsBtHFjYqJZcAZAFwRQeg+k=" Size="14754"/><Block Hash="Yfa5cwNnCP5I1GUWd/uF9Kc78qQmuMbt00Dss61oAdw=" Size="18389"/><Block Hash="GnbidLEUE73F1Nfuf6uJgaIcEKGs4bShEn5rYbf0NKU=" Size="15437"/><Block Hash="/DckFLk7sOO+3vw5eLOGkohZmPUKwS/DQapMYdrqX9Q=" Size="5625"/><Block Hash="2mOGe8ZCxFpKADaGauTBJCWBVnJCfpNHQfkDt4IiJqM=" Size="6983"/><Block Hash="2uJgeWnhvdc5ZqLcWoprkepIdWbV2d4P3fICDWs8AQk=" Size="10157"/><Block Hash="Hd7UJLxZzJ+k+QaZdzuli4u7/GvTHcsyLxcuNWOxMb8=" Size="24959"/><Block Hash="4S6GnWHQxxj0TXNIgP9Ahz+ix/+18hrINzrUDsQTwsA=" Size="16841"/><Block Hash="Bybvain/7V4gqP6v2C8W3MuOPxaFXxnJWmDeyPPWIoI=" Size="16736"/><Block Hash="HyXT5bGM55+GXpoAzXKd5cI0MYwXIfjInPJATKuIVSY=" Size="12915"/><Block Hash="ST1GrMWVSDPseJPn2oe09c9CW3aU0KIHBAg2p9auoWk=" Size="18083"/><Block Hash="rD6olDNENIkuk7mC8dBhQWEH41uHNtxadZpnodPg7zM=" Size="14755"/><Block Hash="frA1xddZoLzc4FG+oz7Nb1Lbd/xbiW0l9963Jei57Mc=" Size="9442"/><Block Hash="PUEwl7qDQtWOatdnvRCv+TCx9TBdW4C/nurxkxMF64k=" Size="22522"/><Block Hash="+j2rqDNf0sOToWC41JjrQzjr9Y7owZjRDLS7xLagjnw=" Size="13090"/><Block Hash="VZ8igXgTKk3RCZUdTbV0Y1sGm1m3UOVKZOVQkBO1OGM=" Size="5877"/><Block Hash="/dT1Ak7NGY9A9y8X+ge/4TXs9bH4hPeHEsUcdyYE45E=" Size="9138"/><Block Hash="kXEoeH7X4MPdV1jocyDrphD56C+puV8y2vHXFlmzIsI=" Size="23570"/><Block Hash="iSEiGcuaJH4cTCUUIBMcsILo78V9IsNP0tlg97JxDH4=" Size="11350"/><Block Hash="kpRkMw4Zzi8AtUB4cHHYYW+bMmZRqaT3sCgDfsl5qFw=" Size="16970"/><Block Hash="T58M7sCKASpx6VB2CM6JJgnDYNX7VMKPSDNXYCmHso0=" Size="11222"/><Block Hash="ONdMGLnvdncV+RdQJFRE/ZM7mmA5AxxNvRzTdApVkh8=" Size="18327"/><Block Hash="iw0SAdqC8iUuuVkoowMaQ6Yt6KMASiCwhsz7vVdj66Y=" Size="16361"/><Block Hash="p3Cf9IqL68PiOew+xVBR1UPHyCOpIPdXcTBFDPfIXaU=" Size="15564"/><Block Hash="OhNSX5QM95helD9TBk+nG+Qak9eqLpxdNI4F5r+MQrQ=" Size="31655"/><Block Hash="2b27tHd4Dhdcf4/oD3pCq0i4ujihzoLX0VYSNB17Kbo=" Size="36249"/><Block Hash="Ym5CKmDFJIX5yWwq1A8OkULO8IvC/iTfMZAjVWgrU0Y=" Size="12576"/></File><File Name="TerminalApp.dll" Size="2859520" LfhSize="45"><Block Hash="Ttq4dVYw4V8LfG4iv0g6f2rFm6TZU/IBCP9KquzEmv8=" Size="28005"/><Block Hash="oido8JC0ioNieRZQE92F8U5vqZkMO+tckno3UJUrdUU=" Size="34921"/><Block Hash="1BBK9MY+1ImwfijpMuk2+VjbIrXrkl0S5o8+OaHQ9BE=" Size="32556"/><Block Hash="f9UrO3zj+AYRF2SN55GCwEa+whRyczi+DU47JR8GY04=" Size="34030"/><Block Hash="kBCEmWj/Q+fIyXMpltgoYYFko5YbEZLTkWm/CY9zH+E=" Size="29387"/><Block Hash="6lhqaCJsS7nai63yO56JEeoLcxNAbjvSdEyVNLyU7mI=" Size="23624"/><Block Hash="dmB4cLGTBaYLJHew6fehbNhJV/eq5R1qaMobuArFQsA=" Size="26521"/><Block Hash="WnAjGnSIzdjNHLKMW5XDjK/TK5Uj7Q2QOMJIxamolUQ=" Size="25967"/><Block Hash="DV4u328wuxQ9gtYCUCx4A+OalYrz4TIIFbhiYzSFORM=" Size="35650"/><Block Hash="owy6WJP1M/XsDYICAY+HKtBTD3e17U38Xn0iobVGMzI=" Size="35875"/><Block Hash="dr3jt0+xd0QOx5CjyQTZ/tO1mlBymk0NvzlCnABZ8eo=" Size="26643"/><Block Hash="lSZEbQNtM6ku3RbtRGpIFENdlZo/z8i21jqwijBkfUQ=" Size="24793"/><Block Hash="MR43WvGBEOa5lt8zlvMgTrGrmlKL23Du9cUMTPo1KY0=" Size="25419"/><Block Hash="GMXkhlp2zNKBJrVllJr0nDdOvKtmNobXeR43e8uMpSk=" Size="19724"/><Block Hash="VWzDaHLWuajY5sXMUdjZ2wU436eeeEcKpg9q1UtkNrE=" Size="28451"/><Block Hash="13JDA59pQDjMlQQ4FAWeT8lPAgsR57cfiSV49kfBeW4=" Size="32178"/><Block Hash="Ggkd3jo0mOz3/DsFDhj9RU1+wOCApncVGTPXs+aomH4=" Size="24587"/><Block Hash="eCa9mZEkyXio9fn5S4o7P/a7e/lnywsQQ3nzEKdMlJw=" Size="26408"/><Block Hash="2edHSSDo4W+tjssHD7yJ+rlOMy4JYko4VXvQuG2rgJg=" Size="30069"/><Block Hash="3LbvXDZPEGs2wu0lXFVGk3HOmbZRdvTwOoXtxyauofg=" Size="29676"/><Block Hash="LnNhsRpUYLsV3damQH22NBjr0SlACGExFJsik65kUDI=" Size="23483"/><Block Hash="JzPGt+vO5cOt1cX6XnjZte2TeiybVJCvEAr3AJgqOAY=" Size="14351"/><Block Hash="KAKeZa0AzLgBCVz6/mWHLIVpcPv8wJ/1Twni40dKSws=" Size="9323"/><Block Hash="yXE5RubY2x8Yj1B+KaMMMeFy0UMEBdm7GazoFDvEdc4=" Size="10083"/><Block Hash="SiR99TaCQmR9NxtrkzOz25813RuSLJt03jfSY2y/8aI=" Size="9358"/><Block Hash="0VoDDJChneIg5YX+pQtjMuQJXdKrMq1YMi1A45UUSO4=" Size="10085"/><Block Hash="iAD41xVopWEyP3YDBKiQg16k+nX7jY0MyVqJnnL4pkk=" Size="10304"/><Block Hash="dweIMRpAj77LMK/h16zvx7/g4gnnLvgUO0/vVw+PQAU=" Size="14198"/><Block Hash="yJOo1llYj/xJBdoUu2XUzhjRwHY4NkHXGGWaWdbbDes=" Size="23760"/><Block Hash="ZarSGqrxIP6BLS1zRoSanD/sDPbPB6vzNu1V030lU1k=" Size="33185"/><Block Hash="PngCuedoOXA76VbMf/n6lBYQO3DBIWyw/9t/fDSsMHc=" Size="31336"/><Block Hash="9UZzcbBSNoRMz1QJZYqp/wPZmItKTM7p4An0GeKhm8s=" Size="27414"/><Block Hash="FwrqOVreJFBq2BMDbGNC8YICp3GeBJgw1jHCrIsnPv8=" Size="27927"/><Block Hash="EHIClvMpUgs04dg2h15XZ2rlA2hN6TaEtSU+fnZrdLY=" Size="5880"/><Block Hash="gQP0xBGa7or/+bRdrpXjYNcHkP92XCrWN9rMON1KHVU=" Size="3630"/><Block Hash="XP8tBWcgg5E6Cf/WXkE0Bx0jke+WKoExoBZYGVIR39Y=" Size="3404"/><Block Hash="TJL5Kv5kWcRXZSk+Tbpz/8AC6QcLRFTdiX9Ev3QudzM=" Size="3464"/><Block Hash="XvXrEmr6vE4bsaQsCtX+nWwOa//tzJs0gbnIW5AHcdI=" Size="4212"/><Block Hash="kppujU9hteVKSQB1OP+M/QR9Lf0XNo7ZM3cdG4jDLws=" Size="3701"/><Block Hash="gAYs9IL71woEKndpOAtlIT4l3oxjhwT8iiPVnM2gx4Y=" Size="3117"/><Block Hash="gzevyn8x5UUa5OSrdSimqLVPXeIgCd+jaDdccQJK6iE=" Size="5578"/><Block Hash="mSUomwu6pMJHr2VWzfCInlITGW8g/mc+pQDfk8gOGko=" Size="14509"/><Block Hash="x2zb2dsPddnx7WDZVXrzrItuTLBR08bP4ZHt6jeXCcE=" Size="31596"/><Block Hash="HQusESvpwQevtwUB/j7+045rUgoJNnvleQyC5fDBWWs=" Size="15636"/></File><File Name="TerminalApp.winmd" Size="46080" LfhSize="47"><Block Hash="oEBf44Zpc/11yqlM28C8T4nm7sCDGvPVptAcUv+wwPI=" Size="17491"/></File><File Name="TerminalApp\App.xaml" Size="3982" LfhSize="50"><Block Hash="xx3sBTYRiaktsJKG+JABurCL58PRwNwziRougP6iNBo=" Size="1108"/></File><File Name="TerminalApp\ColorPickupFlyout.xaml" Size="10706" LfhSize="64"><Block Hash="vQP3p80hjaSlMWPlKx2xgYE3yUrgPN1vLCT02XPSi6c=" Size="1442"/></File><File Name="TerminalApp\HighlightedTextControl.xaml" Size="565" LfhSize="69"><Block Hash="/oOso+TG4C08volNORafAncmEmBPeQD11op9wzbsQEM=" Size="285"/></File><File Name="TerminalApp\CommandPalette.xaml" Size="27569" LfhSize="61"><Block Hash="DB6FgpNRNcfVUl1tkChCLZqDSGh5zsrqzum1o7Ye5ZI=" Size="3450"/></File><File Name="TerminalApp\MinMaxCloseControl.xaml" Size="19712" LfhSize="65"><Block Hash="iyrV4r/ciUbLqYIBExQsHoAgO7DUuwuAfYY7tlLPPao=" Size="2326"/></File><File Name="TerminalApp\TabHeaderControl.xaml" Size="4140" LfhSize="63"><Block Hash="ZoGGJYREZWFUFWevTinJWeiNqV2OW9TA0B3FnTZIdQY=" Size="1004"/></File><File Name="TerminalApp\TabRowControl.xaml" Size="6946" LfhSize="60"><Block Hash="TeeHK8NyFZx0nzo57XhNhU1gZfleuwB/NR6TUmbjZ2U=" Size="1176"/></File><File Name="TerminalApp\TerminalPage.xaml" Size="7256" LfhSize="59"><Block Hash="PytG35uBqHtBshzsJRNk39YTrPF8vAxHoxsd4WunJoE=" Size="1523"/></File><File Name="TerminalApp\TitlebarControl.xaml" Size="1889" LfhSize="62"><Block Hash="ZrGofXaaguSmZt0Kx0MFUshVKZJbPAhsSaGuKsmAjJY=" Size="783"/></File><File Name="TerminalAzBridge.exe" Size="67584" LfhSize="50"><Block Hash="v9XIMwEJ/tWG4rVukMdP1IlOGEOPB69T7D+SzS5+giE=" Size="30923"/><Block Hash="cOWlDy81exwgloXTesrAdP7F7eY2IG854+0+lZlC3G4=" Size="734"/></File><File Name="TerminalConnection.dll" Size="427008" LfhSize="52"><Block Hash="DaTEd1d15wvlnHuSDSA41pDA7Ydl2V6umTsSok4GsFI=" Size="35150"/><Block Hash="x7Xa23yEQC9PisiRhRbm5BFAimYFubcFcdQmOYD0B9M=" Size="28339"/><Block Hash="RAbldkRWbVGQHhDNLzOCrbF7tVFPfScdtwrSf4QpZ+Y=" Size="25838"/><Block Hash="+MbWinhbfZgMr7Zvsen2RaMTK9G9FTt8tJBSUKWvCGw=" Size="30932"/><Block Hash="p1lZHQh/Wty09VepFH+HySHKOFdX6Yz/fgjdOfSJUL4=" Size="31442"/><Block Hash="JTtvDvGbf6kdgL7phZlL0kq2G8vdfFRCcMjuUmWPjqw=" Size="28708"/><Block Hash="/l3Cxs0Y2fbivEhgb/HtfSWIOWM0r3bMCv5X/XtqwB8=" Size="16117"/></File><File Name="TerminalThemeHelpers.dll" Size="14848" LfhSize="54"><Block Hash="h+eGy+qjQgtF45tqMdJ7UDGqsynwroZbIJ27AgVNnqk=" Size="6607"/></File><File Name="vcamp140_app.dll" Size="37888" LfhSize="46"><Block Hash="V5PWCu79IdmDY7n3kzHTHVezjL+KcBPh7SKMpZPwEUc=" Size="8299"/></File><File Name="vccorlib140.dll" Size="334728" LfhSize="45"><Block Hash="9pnNT58Bd+cp8O08FReWGvjPkM6IKwVUYCPY7OMY2Ic=" Size="19450"/><Block Hash="q6vJlKutUGRgFcWkscEscz0vyTL3+1y1HDZ1lFQ+dBM=" Size="22012"/><Block Hash="+70b7iO2YRzzFIvZ5ctWrmY8lJM8EH/QtUy1gQBeEXE=" Size="25769"/><Block Hash="UZA/CrVxFbtYporkexMunhA8QuRH7/s/NwuFCvM/7bA=" Size="17929"/><Block Hash="diEJ1+oSIsaotM6trkNeelJey3dVJbmsA/Ls45IsZ4I=" Size="17072"/><Block Hash="BP4LPeseOlI1TqRGmmg/KBei4wXS4axISb3XnejxQNI=" Size="4705"/></File><File Name="vccorlib140_app.dll" Size="41984" LfhSize="49"><Block Hash="VewRleYQ2RSIO5DNKPj9yckEe2cUhf1Br32Y76U1XVQ=" Size="9451"/></File><File Name="vcomp140_app.dll" Size="16384" LfhSize="46"><Block Hash="ctM09vuOuVp8jRVenEKTfZBiUwMHMJ7CuQ8rqVQdOhM=" Size="5765"/></File><File Name="vcruntime140.dll" Size="97160" LfhSize="46"><Block Hash="FnDpak7AHnJz5jsJVFLwSuv1Ns/DLMCpSC4L5/UEQqs=" Size="36145"/><Block Hash="uG4Ijs67CB3HeUhXIpZogt5K6J5VYJhlZElPWVWIEJ4=" Size="15223"/></File><File Name="vcruntime140_1.dll" Size="37256" LfhSize="48"><Block Hash="BOfMvcrXy68O0oaS+wjquDLDiq2QcXSQN+56WPRenX0=" Size="19933"/></File><File Name="vcruntime140_1_app.dll" Size="9728" LfhSize="52"><Block Hash="PV4g/To0gm0M/FVCpatD1OH8YKzqM9tI0QC39gHMp4g=" Size="4178"/></File><File Name="vcruntime140_app.dll" Size="13824" LfhSize="50"><Block Hash="ZmLw4zGlWTu02QFOuagwijiP3aHHx1m/BKMU/ImSTf4=" Size="5406"/></File><File Name="WindowsTerminal.exe" Size="454656" LfhSize="49"><Block Hash="og2CNrCuGXI5EGuMD2qmAspIa6vA2ws7L0byjWg4bkE=" Size="33129"/><Block Hash="Ekjz9tm6Qgnm2sGQfhoZoGy9EKg7HC0U7aX3WgmxlZ4=" Size="32153"/><Block Hash="H9KA2CQiIHaUVWt1cgQ/IAISLh5kfWC4kj9oyghT1s0=" Size="33316"/><Block Hash="L6uZ5AXvyxODVG2i6WwKeSxaUUBq3tHJrERdZ4yv2HI=" Size="31042"/><Block Hash="1R3uCCbYY+QjAjWU15Ta7tLwzRFr1bCrqjRtAzuFjDY=" Size="17199"/><Block Hash="KJJzzqmuOuq7Xzxl3cxGC08iZc/P+g1NGl1QXoYE81g=" Size="8203"/><Block Hash="MDhQ4Tc4Tmv0jWC2VIJFgoZf2TpUOPidX2QLFjwv1zM=" Size="8365"/></File><File Name="WindowsTerminalShellExt.dll" Size="81408" LfhSize="57"><Block Hash="EXyNH51JbHcW44lLRLD5cXkv+SecD1tpMNrsb7iELno=" Size="32697"/><Block Hash="USgfsX/Uc9NhrfzVD8gu61XiPdO15seIwhg7nF8UbCs=" Size="6403"/></File><File Name="wt.exe" Size="96256" LfhSize="36"><Block Hash="IKN/+YJOr1Po3BjUu7poNcurifBBVMUKQInAn3xf5qA=" Size="31950"/><Block Hash="/9/ilc+33Mgy3bX4wGLltdJ0SttriHWCP2qqx+d/ZpE=" Size="4251"/></File><File Name="AppxManifest.xml" Size="37798" LfhSize="46"><Block Hash="KS0+q2OtrS+ELXiJZx3Jr/ovcqoBcn4qCPcx3jnIj9Y=" Size="4459"/></File></BlockMap>