﻿<?xml version="1.0" encoding="utf-8"?>
<Package xmlns="http://schemas.microsoft.com/appx/manifest/foundation/windows10" xmlns:mp="http://schemas.microsoft.com/appx/2014/phone/manifest" xmlns:com="http://schemas.microsoft.com/appx/manifest/com/windows10" xmlns:uap="http://schemas.microsoft.com/appx/manifest/uap/windows10" xmlns:uap3="http://schemas.microsoft.com/appx/manifest/uap/windows10/3" xmlns:uap4="http://schemas.microsoft.com/appx/manifest/uap/windows10/4" xmlns:uap5="http://schemas.microsoft.com/appx/manifest/uap/windows10/5" xmlns:uap7="http://schemas.microsoft.com/appx/manifest/uap/windows10/7" xmlns:desktop="http://schemas.microsoft.com/appx/manifest/desktop/windows10" xmlns:desktop4="http://schemas.microsoft.com/appx/manifest/desktop/windows10/4" xmlns:desktop5="http://schemas.microsoft.com/appx/manifest/desktop/windows10/5" xmlns:rescap="http://schemas.microsoft.com/appx/manifest/foundation/windows10/restrictedcapabilities" IgnorableNamespaces="uap mp rescap uap3 build" xmlns:build="http://schemas.microsoft.com/developer/appx/2015/build">
  <!--
    THIS PACKAGE MANIFEST FILE IS GENERATED BY THE BUILD PROCESS.

    Changes to this file will be lost when it is regenerated. To correct errors in this file, edit the source .appxmanifest file.

    For more information on package manifest files, see http://go.microsoft.com/fwlink/?LinkID=241727
  -->
  <Identity Name="Microsoft.WindowsTerminalPreview" Publisher="CN=Microsoft Corporation, O=Microsoft Corporation, L=Redmond, S=Washington, C=US" Version="1.11.2421.0" ProcessorArchitecture="x64" />
  <Properties>
    <DisplayName>Windows Terminal Preview</DisplayName>
    <PublisherDisplayName>Microsoft Corporation</PublisherDisplayName>
    <Logo>Images\StoreLogo.png</Logo>
  </Properties>
  <Dependencies>
    <TargetDeviceFamily Name="Windows.Desktop" MinVersion="10.0.18362.0" MaxVersionTested="10.0.19041.0" />
  </Dependencies>
  <Resources>
    <Resource Language="EN-US" />
    <Resource Language="DE-DE" />
    <Resource Language="ES-ES" />
    <Resource Language="FR-FR" />
    <Resource Language="IT-IT" />
    <Resource Language="JA-JP" />
    <Resource Language="KO-KR" />
    <Resource Language="PT-BR" />
    <Resource Language="QPS-PLOC" />
    <Resource Language="QPS-PLOCA" />
    <Resource Language="QPS-PLOCM" />
    <Resource Language="RU-RU" />
    <Resource Language="ZH-CN" />
    <Resource Language="ZH-TW" />
  </Resources>
  <Applications>
    <Application Id="App" Executable="WindowsTerminal.exe" EntryPoint="Windows.FullTrustApplication">
      <uap:VisualElements DisplayName="ms-resource:AppNamePre" Description="ms-resource:AppDescriptionPre" BackgroundColor="transparent" Square150x150Logo="Images\Square150x150Logo.png" Square44x44Logo="Images\Square44x44Logo.png">
        <uap:DefaultTile Wide310x150Logo="Images\Wide310x150Logo.png" Square71x71Logo="Images\SmallTile.png" Square310x310Logo="Images\LargeTile.png" ShortName="ms-resource:AppShortNamePre">
          <uap:ShowNameOnTiles>
            <uap:ShowOn Tile="square150x150Logo" />
            <uap:ShowOn Tile="wide310x150Logo" />
            <uap:ShowOn Tile="square310x310Logo" />
          </uap:ShowNameOnTiles>
        </uap:DefaultTile>
      </uap:VisualElements>
      <Extensions>
        <uap3:Extension Category="windows.appExecutionAlias" Executable="wt.exe" EntryPoint="Windows.FullTrustApplication">
          <uap3:AppExecutionAlias>
            <desktop:ExecutionAlias Alias="wt.exe" />
          </uap3:AppExecutionAlias>
        </uap3:Extension>
        <uap3:Extension Category="windows.appExtensionHost">
          <uap3:AppExtensionHost>
            <uap3:Name>com.microsoft.windows.terminal.settings</uap3:Name>
          </uap3:AppExtensionHost>
        </uap3:Extension>
        <uap5:Extension Category="windows.startupTask">
          <uap5:StartupTask TaskId="StartTerminalOnLoginTask" Enabled="false" DisplayName="ms-resource:AppNamePre" />
        </uap5:Extension>
        <uap3:Extension Category="windows.appExtension">
          <uap3:AppExtension Name="com.microsoft.windows.console.host" Id="OpenConsole-Pre" DisplayName="OpenConsole Preview" Description="Console host built from microsoft/terminal open source repository" PublicFolder="Public">
            <uap3:Properties>
              <Clsid>{06EC847C-C0A5-46B8-92CB-7C92F6E35CD5}</Clsid>
            </uap3:Properties>
          </uap3:AppExtension>
        </uap3:Extension>
        <uap3:Extension Category="windows.appExtension">
          <uap3:AppExtension Name="com.microsoft.windows.terminal.host" Id="Terminal-Pre" DisplayName="Windows Terminal Preview" Description="Terminal host built from microsoft/terminal open source repository" PublicFolder="Public">
            <uap3:Properties>
              <Clsid>{86633F1F-6454-40EC-89CE-DA4EBA977EE2}</Clsid>
            </uap3:Properties>
          </uap3:AppExtension>
        </uap3:Extension>
        <com:Extension Category="windows.comInterface">
          <com:ComInterface>
            <com:ProxyStub Id="1833E661-CC81-4DD0-87C6-C2F74BD39EFA" DisplayName="OpenConsoleHandoffProxy" Path="OpenConsoleProxy.dll" />
            <com:Interface Id="E686C757-9A35-4A1C-B3CE-0BCC8B5C69F4" ProxyStubClsid="1833E661-CC81-4DD0-87C6-C2F74BD39EFA" />
            <com:Interface Id="59D55CCE-FC8A-48B4-ACE8-0A9286C6557F" ProxyStubClsid="1833E661-CC81-4DD0-87C6-C2F74BD39EFA" />
          </com:ComInterface>
        </com:Extension>
        <com:Extension Category="windows.comServer">
          <com:ComServer>
            <com:ExeServer DisplayName="OpenConsole" Executable="OpenConsole.exe">
              <com:Class Id="06EC847C-C0A5-46B8-92CB-7C92F6E35CD5" />
            </com:ExeServer>
            <com:ExeServer DisplayName="WindowsTerminal" Executable="WindowsTerminal.exe">
              <com:Class Id="86633F1F-6454-40EC-89CE-DA4EBA977EE2" />
            </com:ExeServer>
            <com:SurrogateServer DisplayName="WindowsTerminalShellExt">
              <com:Class Id="02db545a-3e20-46de-83a5-1329b1e88b6b" Path="WindowsTerminalShellExt.dll" ThreadingModel="STA" />
            </com:SurrogateServer>
          </com:ComServer>
        </com:Extension>
        <desktop4:Extension Category="windows.fileExplorerContextMenus">
          <desktop4:FileExplorerContextMenus>
            <desktop5:ItemType Type="Directory">
              <desktop5:Verb Id="OpenTerminalPre" Clsid="02db545a-3e20-46de-83a5-1329b1e88b6b" />
            </desktop5:ItemType>
            <desktop5:ItemType Type="Directory\Background">
              <desktop5:Verb Id="OpenTerminalPre" Clsid="02db545a-3e20-46de-83a5-1329b1e88b6b" />
            </desktop5:ItemType>
          </desktop4:FileExplorerContextMenus>
        </desktop4:Extension>
      </Extensions>
    </Application>
  </Applications>
  <Capabilities>
    <Capability Name="internetClient" />
    <rescap:Capability Name="runFullTrust" />
  </Capabilities>
  <Extensions>
    <uap7:Extension Category="windows.sharedFonts">
      <uap7:SharedFonts>
        <uap4:Font File="CascadiaCode.ttf" />
        <uap4:Font File="CascadiaCodeItalic.ttf" />
        <uap4:Font File="CascadiaMono.ttf" />
        <uap4:Font File="CascadiaMonoItalic.ttf" />
      </uap7:SharedFonts>
    </uap7:Extension>
    <Extension Category="windows.activatableClass.inProcessServer">
      <InProcessServer>
        <Path>Microsoft.Terminal.Control.dll</Path>
        <ActivatableClass ActivatableClassId="Microsoft.Terminal.Control.VisualBellLight" ThreadingModel="both" />
        <ActivatableClass ActivatableClassId="Microsoft.Terminal.Control.ControlCore" ThreadingModel="both" />
        <ActivatableClass ActivatableClassId="Microsoft.Terminal.Control.SearchBoxControl" ThreadingModel="both" />
        <ActivatableClass ActivatableClassId="Microsoft.Terminal.Control.TermControl" ThreadingModel="both" />
        <ActivatableClass ActivatableClassId="Microsoft.Terminal.Control.XamlMetaDataProvider" ThreadingModel="both" />
        <ActivatableClass ActivatableClassId="Microsoft.Terminal.Control.ControlInteractivity" ThreadingModel="both" />
        <ActivatableClass ActivatableClassId="Microsoft.Terminal.Control.KeyChord" ThreadingModel="both" />
        <ActivatableClass ActivatableClassId="Microsoft.Terminal.Control.TSFInputControl" ThreadingModel="both" />
      </InProcessServer>
    </Extension>
    <Extension Category="windows.activatableClass.inProcessServer">
      <InProcessServer>
        <Path>Microsoft.Terminal.Remoting.dll</Path>
        <ActivatableClass ActivatableClassId="Microsoft.Terminal.Remoting.SummonWindowSelectionArgs" ThreadingModel="both" />
        <ActivatableClass ActivatableClassId="Microsoft.Terminal.Remoting.SummonWindowBehavior" ThreadingModel="both" />
        <ActivatableClass ActivatableClassId="Microsoft.Terminal.Remoting.WindowActivatedArgs" ThreadingModel="both" />
        <ActivatableClass ActivatableClassId="Microsoft.Terminal.Remoting.Peasant" ThreadingModel="both" />
        <ActivatableClass ActivatableClassId="Microsoft.Terminal.Remoting.RenameRequestArgs" ThreadingModel="both" />
        <ActivatableClass ActivatableClassId="Microsoft.Terminal.Remoting.Monarch" ThreadingModel="both" />
        <ActivatableClass ActivatableClassId="Microsoft.Terminal.Remoting.CommandlineArgs" ThreadingModel="both" />
        <ActivatableClass ActivatableClassId="Microsoft.Terminal.Remoting.WindowManager" ThreadingModel="both" />
      </InProcessServer>
    </Extension>
    <Extension Category="windows.activatableClass.inProcessServer">
      <InProcessServer>
        <Path>Microsoft.Terminal.Settings.Editor.dll</Path>
        <ActivatableClass ActivatableClassId="Microsoft.Terminal.Settings.Editor.ColorSchemes" ThreadingModel="both" />
        <ActivatableClass ActivatableClassId="Microsoft.Terminal.Settings.Editor.Rendering" ThreadingModel="both" />
        <ActivatableClass ActivatableClassId="Microsoft.Terminal.Settings.Editor.Launch" ThreadingModel="both" />
        <ActivatableClass ActivatableClassId="Microsoft.Terminal.Settings.Editor.Appearances" ThreadingModel="both" />
        <ActivatableClass ActivatableClassId="Microsoft.Terminal.Settings.Editor.Converters" ThreadingModel="both" />
        <ActivatableClass ActivatableClassId="Microsoft.Terminal.Settings.Editor.GlobalAppearance" ThreadingModel="both" />
        <ActivatableClass ActivatableClassId="Microsoft.Terminal.Settings.Editor.AddProfile" ThreadingModel="both" />
        <ActivatableClass ActivatableClassId="Microsoft.Terminal.Settings.Editor.ReadOnlyActions" ThreadingModel="both" />
        <ActivatableClass ActivatableClassId="Microsoft.Terminal.Settings.Editor.Interaction" ThreadingModel="both" />
        <ActivatableClass ActivatableClassId="Microsoft.Terminal.Settings.Editor.KeyChordListener" ThreadingModel="both" />
        <ActivatableClass ActivatableClassId="Microsoft.Terminal.Settings.Editor.XamlMetaDataProvider" ThreadingModel="both" />
        <ActivatableClass ActivatableClassId="Microsoft.Terminal.Settings.Editor.Actions" ThreadingModel="both" />
        <ActivatableClass ActivatableClassId="Microsoft.Terminal.Settings.Editor.SettingContainer" ThreadingModel="both" />
        <ActivatableClass ActivatableClassId="Microsoft.Terminal.Settings.Editor.Profiles" ThreadingModel="both" />
        <ActivatableClass ActivatableClassId="Microsoft.Terminal.Settings.Editor.MainPage" ThreadingModel="both" />
      </InProcessServer>
    </Extension>
    <Extension Category="windows.activatableClass.inProcessServer">
      <InProcessServer>
        <Path>Microsoft.Terminal.Settings.Model.dll</Path>
        <ActivatableClass ActivatableClassId="Microsoft.Terminal.Settings.Model.NextTabArgs" ThreadingModel="both" />
        <ActivatableClass ActivatableClassId="Microsoft.Terminal.Settings.Model.PrevTabArgs" ThreadingModel="both" />
        <ActivatableClass ActivatableClassId="Microsoft.Terminal.Settings.Model.OpenSettingsArgs" ThreadingModel="both" />
        <ActivatableClass ActivatableClassId="Microsoft.Terminal.Settings.Model.CloseTabArgs" ThreadingModel="both" />
        <ActivatableClass ActivatableClassId="Microsoft.Terminal.Settings.Model.TerminalSettingsCreateResult" ThreadingModel="both" />
        <ActivatableClass ActivatableClassId="Microsoft.Terminal.Settings.Model.ColorScheme" ThreadingModel="both" />
        <ActivatableClass ActivatableClassId="Microsoft.Terminal.Settings.Model.FindMatchArgs" ThreadingModel="both" />
        <ActivatableClass ActivatableClassId="Microsoft.Terminal.Settings.Model.SplitPaneArgs" ThreadingModel="both" />
        <ActivatableClass ActivatableClassId="Microsoft.Terminal.Settings.Model.NewTerminalArgs" ThreadingModel="both" />
        <ActivatableClass ActivatableClassId="Microsoft.Terminal.Settings.Model.ActionAndArgs" ThreadingModel="both" />
        <ActivatableClass ActivatableClassId="Microsoft.Terminal.Settings.Model.SwapPaneArgs" ThreadingModel="both" />
        <ActivatableClass ActivatableClassId="Microsoft.Terminal.Settings.Model.CloseOtherTabsArgs" ThreadingModel="both" />
        <ActivatableClass ActivatableClassId="Microsoft.Terminal.Settings.Model.MovePaneArgs" ThreadingModel="both" />
        <ActivatableClass ActivatableClassId="Microsoft.Terminal.Settings.Model.DefaultTerminal" ThreadingModel="both" />
        <ActivatableClass ActivatableClassId="Microsoft.Terminal.Settings.Model.CascadiaSettings" ThreadingModel="both" />
        <ActivatableClass ActivatableClassId="Microsoft.Terminal.Settings.Model.MoveFocusArgs" ThreadingModel="both" />
        <ActivatableClass ActivatableClassId="Microsoft.Terminal.Settings.Model.ApplicationState" ThreadingModel="both" />
        <ActivatableClass ActivatableClassId="Microsoft.Terminal.Settings.Model.FocusPaneArgs" ThreadingModel="both" />
        <ActivatableClass ActivatableClassId="Microsoft.Terminal.Settings.Model.NewTabArgs" ThreadingModel="both" />
        <ActivatableClass ActivatableClassId="Microsoft.Terminal.Settings.Model.Profile" ThreadingModel="both" />
        <ActivatableClass ActivatableClassId="Microsoft.Terminal.Settings.Model.TerminalSettings" ThreadingModel="both" />
        <ActivatableClass ActivatableClassId="Microsoft.Terminal.Settings.Model.EnumMappings" ThreadingModel="both" />
        <ActivatableClass ActivatableClassId="Microsoft.Terminal.Settings.Model.NewWindowArgs" ThreadingModel="both" />
        <ActivatableClass ActivatableClassId="Microsoft.Terminal.Settings.Model.KeyChordSerialization" ThreadingModel="both" />
        <ActivatableClass ActivatableClassId="Microsoft.Terminal.Settings.Model.SwitchToTabArgs" ThreadingModel="both" />
        <ActivatableClass ActivatableClassId="Microsoft.Terminal.Settings.Model.IconPathConverter" ThreadingModel="both" />
        <ActivatableClass ActivatableClassId="Microsoft.Terminal.Settings.Model.MoveTabArgs" ThreadingModel="both" />
        <ActivatableClass ActivatableClassId="Microsoft.Terminal.Settings.Model.SetColorSchemeArgs" ThreadingModel="both" />
        <ActivatableClass ActivatableClassId="Microsoft.Terminal.Settings.Model.ExecuteCommandlineArgs" ThreadingModel="both" />
        <ActivatableClass ActivatableClassId="Microsoft.Terminal.Settings.Model.ActionEventArgs" ThreadingModel="both" />
        <ActivatableClass ActivatableClassId="Microsoft.Terminal.Settings.Model.CloseTabsAfterArgs" ThreadingModel="both" />
        <ActivatableClass ActivatableClassId="Microsoft.Terminal.Settings.Model.Command" ThreadingModel="both" />
      </InProcessServer>
    </Extension>
    <Extension Category="windows.activatableClass.inProcessServer">
      <InProcessServer>
        <Path>TerminalConnection.dll</Path>
        <ActivatableClass ActivatableClassId="Microsoft.Terminal.TerminalConnection.EchoConnection" ThreadingModel="both" />
        <ActivatableClass ActivatableClassId="Microsoft.Terminal.TerminalConnection.AzureConnection" ThreadingModel="both" />
        <ActivatableClass ActivatableClassId="Microsoft.Terminal.TerminalConnection.ConptyConnection" ThreadingModel="both" />
        <ActivatableClass ActivatableClassId="Microsoft.Terminal.TerminalConnection.ConnectionInformation" ThreadingModel="both" />
      </InProcessServer>
    </Extension>
    <Extension Category="windows.activatableClass.inProcessServer">
      <InProcessServer>
        <Path>Microsoft.Toolkit.Win32.UI.XamlHost.dll</Path>
        <ActivatableClass ActivatableClassId="Microsoft.Toolkit.Win32.UI.XamlHost.XamlApplication" ThreadingModel="both" />
      </InProcessServer>
    </Extension>
    <Extension Category="windows.activatableClass.inProcessServer">
      <InProcessServer>
        <Path>Microsoft.UI.Xaml.dll</Path>
        <ActivatableClass ActivatableClassId="Microsoft.UI.Xaml.XamlTypeInfo.XamlControlsXamlMetaDataProvider" ThreadingModel="both" />
        <ActivatableClass ActivatableClassId="Microsoft.UI.Xaml.Automation.Peers.ProgressBarAutomationPeer" ThreadingModel="both" />
        <ActivatableClass ActivatableClassId="Microsoft.UI.Xaml.Automation.Peers.RepeaterAutomationPeer" ThreadingModel="both" />
        <ActivatableClass ActivatableClassId="Microsoft.UI.Xaml.Automation.Peers.NumberBoxAutomationPeer" ThreadingModel="both" />
        <ActivatableClass ActivatableClassId="Microsoft.UI.Xaml.Automation.Peers.SplitButtonAutomationPeer" ThreadingModel="both" />
        <ActivatableClass ActivatableClassId="Microsoft.UI.Xaml.Automation.Peers.ToggleSplitButtonAutomationPeer" ThreadingModel="both" />
        <ActivatableClass ActivatableClassId="Microsoft.UI.Xaml.Automation.Peers.TreeViewItemDataAutomationPeer" ThreadingModel="both" />
        <ActivatableClass ActivatableClassId="Microsoft.UI.Xaml.Automation.Peers.MenuBarAutomationPeer" ThreadingModel="both" />
        <ActivatableClass ActivatableClassId="Microsoft.UI.Xaml.Automation.Peers.PersonPictureAutomationPeer" ThreadingModel="both" />
        <ActivatableClass ActivatableClassId="Microsoft.UI.Xaml.Automation.Peers.TreeViewListAutomationPeer" ThreadingModel="both" />
        <ActivatableClass ActivatableClassId="Microsoft.UI.Xaml.Automation.Peers.ProgressRingAutomationPeer" ThreadingModel="both" />
        <ActivatableClass ActivatableClassId="Microsoft.UI.Xaml.Automation.Peers.ColorPickerSliderAutomationPeer" ThreadingModel="both" />
        <ActivatableClass ActivatableClassId="Microsoft.UI.Xaml.Automation.Peers.TeachingTipAutomationPeer" ThreadingModel="both" />
        <ActivatableClass ActivatableClassId="Microsoft.UI.Xaml.Automation.Peers.NavigationViewAutomationPeer" ThreadingModel="both" />
        <ActivatableClass ActivatableClassId="Microsoft.UI.Xaml.Automation.Peers.ScrollPresenterAutomationPeer" ThreadingModel="both" />
        <ActivatableClass ActivatableClassId="Microsoft.UI.Xaml.Automation.Peers.NavigationViewItemAutomationPeer" ThreadingModel="both" />
        <ActivatableClass ActivatableClassId="Microsoft.UI.Xaml.Automation.Peers.AnimatedVisualPlayerAutomationPeer" ThreadingModel="both" />
        <ActivatableClass ActivatableClassId="Microsoft.UI.Xaml.Automation.Peers.DropDownButtonAutomationPeer" ThreadingModel="both" />
        <ActivatableClass ActivatableClassId="Microsoft.UI.Xaml.Automation.Peers.ColorSpectrumAutomationPeer" ThreadingModel="both" />
        <ActivatableClass ActivatableClassId="Microsoft.UI.Xaml.Automation.Peers.RatingControlAutomationPeer" ThreadingModel="both" />
        <ActivatableClass ActivatableClassId="Microsoft.UI.Xaml.Automation.Peers.TabViewItemAutomationPeer" ThreadingModel="both" />
        <ActivatableClass ActivatableClassId="Microsoft.UI.Xaml.Automation.Peers.TreeViewItemAutomationPeer" ThreadingModel="both" />
        <ActivatableClass ActivatableClassId="Microsoft.UI.Xaml.Automation.Peers.TabViewAutomationPeer" ThreadingModel="both" />
        <ActivatableClass ActivatableClassId="Microsoft.UI.Xaml.Automation.Peers.ExpanderAutomationPeer" ThreadingModel="both" />
        <ActivatableClass ActivatableClassId="Microsoft.UI.Xaml.Automation.Peers.PagerControlAutomationPeer" ThreadingModel="both" />
        <ActivatableClass ActivatableClassId="Microsoft.UI.Xaml.Automation.Peers.InfoBarAutomationPeer" ThreadingModel="both" />
        <ActivatableClass ActivatableClassId="Microsoft.UI.Xaml.Automation.Peers.MenuBarItemAutomationPeer" ThreadingModel="both" />
        <ActivatableClass ActivatableClassId="Microsoft.UI.Xaml.Media.RevealBrush" ThreadingModel="both" />
        <ActivatableClass ActivatableClassId="Microsoft.UI.Xaml.Media.RevealBorderBrush" ThreadingModel="both" />
        <ActivatableClass ActivatableClassId="Microsoft.UI.Xaml.Media.AcrylicBrush" ThreadingModel="both" />
        <ActivatableClass ActivatableClassId="Microsoft.UI.Xaml.Media.RadialGradientBrush" ThreadingModel="both" />
        <ActivatableClass ActivatableClassId="Microsoft.UI.Xaml.Media.RevealBackgroundBrush" ThreadingModel="both" />
        <ActivatableClass ActivatableClassId="Microsoft.UI.Xaml.Controls.IndexPath" ThreadingModel="both" />
        <ActivatableClass ActivatableClassId="Microsoft.UI.Xaml.Controls.Primitives.AutoSuggestBoxHelper" ThreadingModel="both" />
        <ActivatableClass ActivatableClassId="Microsoft.UI.Xaml.Controls.Primitives.CornerRadiusFilterConverter" ThreadingModel="both" />
        <ActivatableClass ActivatableClassId="Microsoft.UI.Xaml.Controls.Primitives.ZoomSnapPointBase" ThreadingModel="both" />
        <ActivatableClass ActivatableClassId="Microsoft.UI.Xaml.Controls.Primitives.CommandBarFlyoutCommandBar" ThreadingModel="both" />
        <ActivatableClass ActivatableClassId="Microsoft.UI.Xaml.Controls.Primitives.ZoomSnapPoint" ThreadingModel="both" />
        <ActivatableClass ActivatableClassId="Microsoft.UI.Xaml.Controls.Primitives.ScrollSnapPoint" ThreadingModel="both" />
        <ActivatableClass ActivatableClassId="Microsoft.UI.Xaml.Controls.Primitives.ColorPickerSlider" ThreadingModel="both" />
        <ActivatableClass ActivatableClassId="Microsoft.UI.Xaml.Controls.Primitives.ColorSpectrum" ThreadingModel="both" />
        <ActivatableClass ActivatableClassId="Microsoft.UI.Xaml.Controls.Primitives.RepeatedZoomSnapPoint" ThreadingModel="both" />
        <ActivatableClass ActivatableClassId="Microsoft.UI.Xaml.Controls.Primitives.RepeatedScrollSnapPoint" ThreadingModel="both" />
        <ActivatableClass ActivatableClassId="Microsoft.UI.Xaml.Controls.Primitives.ComboBoxHelper" ThreadingModel="both" />
        <ActivatableClass ActivatableClassId="Microsoft.UI.Xaml.Controls.Primitives.ScrollControllerScrollByRequestedEventArgs" ThreadingModel="both" />
        <ActivatableClass ActivatableClassId="Microsoft.UI.Xaml.Controls.Primitives.ColumnMajorUniformToLargestGridLayout" ThreadingModel="both" />
        <ActivatableClass ActivatableClassId="Microsoft.UI.Xaml.Controls.Primitives.ScrollPresenter" ThreadingModel="both" />
        <ActivatableClass ActivatableClassId="Microsoft.UI.Xaml.Controls.Primitives.ScrollSnapPointBase" ThreadingModel="both" />
        <ActivatableClass ActivatableClassId="Microsoft.UI.Xaml.Controls.Primitives.TabViewListView" ThreadingModel="both" />
        <ActivatableClass ActivatableClassId="Microsoft.UI.Xaml.Controls.Primitives.ScrollControllerAddScrollVelocityRequestedEventArgs" ThreadingModel="both" />
        <ActivatableClass ActivatableClassId="Microsoft.UI.Xaml.Controls.Primitives.ScrollControllerScrollToRequestedEventArgs" ThreadingModel="both" />
        <ActivatableClass ActivatableClassId="Microsoft.UI.Xaml.Controls.Primitives.CornerRadiusToThicknessConverter" ThreadingModel="both" />
        <ActivatableClass ActivatableClassId="Microsoft.UI.Xaml.Controls.Primitives.InfoBarPanel" ThreadingModel="both" />
        <ActivatableClass ActivatableClassId="Microsoft.UI.Xaml.Controls.Primitives.NavigationViewItemPresenter" ThreadingModel="both" />
        <ActivatableClass ActivatableClassId="Microsoft.UI.Xaml.Controls.Primitives.ScrollControllerInteractionRequestedEventArgs" ThreadingModel="both" />
        <ActivatableClass ActivatableClassId="Microsoft.UI.Xaml.Controls.Primitives.SnapPointBase" ThreadingModel="both" />
        <ActivatableClass ActivatableClassId="Microsoft.UI.Xaml.Controls.SymbolIconSource" ThreadingModel="both" />
        <ActivatableClass ActivatableClassId="Microsoft.UI.Xaml.Controls.MenuBarItem" ThreadingModel="both" />
        <ActivatableClass ActivatableClassId="Microsoft.UI.Xaml.Controls.TreeViewNode" ThreadingModel="both" />
        <ActivatableClass ActivatableClassId="Microsoft.UI.Xaml.Controls.NavigationViewItemSeparator" ThreadingModel="both" />
        <ActivatableClass ActivatableClassId="Microsoft.UI.Xaml.Controls.TreeView" ThreadingModel="both" />
        <ActivatableClass ActivatableClassId="Microsoft.UI.Xaml.Controls.PagerControlTemplateSettings" ThreadingModel="both" />
        <ActivatableClass ActivatableClassId="Microsoft.UI.Xaml.Controls.FlowLayoutState" ThreadingModel="both" />
        <ActivatableClass ActivatableClassId="Microsoft.UI.Xaml.Controls.TreeViewList" ThreadingModel="both" />
        <ActivatableClass ActivatableClassId="Microsoft.UI.Xaml.Controls.ElementAnimator" ThreadingModel="both" />
        <ActivatableClass ActivatableClassId="Microsoft.UI.Xaml.Controls.PagerControl" ThreadingModel="both" />
        <ActivatableClass ActivatableClassId="Microsoft.UI.Xaml.Controls.ProgressBar" ThreadingModel="both" />
        <ActivatableClass ActivatableClassId="Microsoft.UI.Xaml.Controls.NonVirtualizingLayoutContext" ThreadingModel="both" />
        <ActivatableClass ActivatableClassId="Microsoft.UI.Xaml.Controls.RevealListViewItemPresenter" ThreadingModel="both" />
        <ActivatableClass ActivatableClassId="Microsoft.UI.Xaml.Controls.UniformGridLayout" ThreadingModel="both" />
        <ActivatableClass ActivatableClassId="Microsoft.UI.Xaml.Controls.FlowLayout" ThreadingModel="both" />
        <ActivatableClass ActivatableClassId="Microsoft.UI.Xaml.Controls.InfoBarClosedEventArgs" ThreadingModel="both" />
        <ActivatableClass ActivatableClassId="Microsoft.UI.Xaml.Controls.ItemsRepeaterScrollHost" ThreadingModel="both" />
        <ActivatableClass ActivatableClassId="Microsoft.UI.Xaml.Controls.TeachingTipTemplateSettings" ThreadingModel="both" />
        <ActivatableClass ActivatableClassId="Microsoft.UI.Xaml.Controls.TeachingTip" ThreadingModel="both" />
        <ActivatableClass ActivatableClassId="Microsoft.UI.Xaml.Controls.VirtualizingLayout" ThreadingModel="both" />
        <ActivatableClass ActivatableClassId="Microsoft.UI.Xaml.Controls.RatingItemFontInfo" ThreadingModel="both" />
        <ActivatableClass ActivatableClassId="Microsoft.UI.Xaml.Controls.NumberBox" ThreadingModel="both" />
        <ActivatableClass ActivatableClassId="Microsoft.UI.Xaml.Controls.UniformGridLayoutState" ThreadingModel="both" />
        <ActivatableClass ActivatableClassId="Microsoft.UI.Xaml.Controls.ElementFactoryRecycleArgs" ThreadingModel="both" />
        <ActivatableClass ActivatableClassId="Microsoft.UI.Xaml.Controls.ScrollingZoomOptions" ThreadingModel="both" />
        <ActivatableClass ActivatableClassId="Microsoft.UI.Xaml.Controls.ElementFactoryGetArgs" ThreadingModel="both" />
        <ActivatableClass ActivatableClassId="Microsoft.UI.Xaml.Controls.ItemsSourceView" ThreadingModel="both" />
        <ActivatableClass ActivatableClassId="Microsoft.UI.Xaml.Controls.SwipeItems" ThreadingModel="both" />
        <ActivatableClass ActivatableClassId="Microsoft.UI.Xaml.Controls.ColorPicker" ThreadingModel="both" />
        <ActivatableClass ActivatableClassId="Microsoft.UI.Xaml.Controls.NavigationView" ThreadingModel="both" />
        <ActivatableClass ActivatableClassId="Microsoft.UI.Xaml.Controls.ItemsRepeater" ThreadingModel="both" />
        <ActivatableClass ActivatableClassId="Microsoft.UI.Xaml.Controls.RadioMenuFlyoutItem" ThreadingModel="both" />
        <ActivatableClass ActivatableClassId="Microsoft.UI.Xaml.Controls.ScrollingScrollOptions" ThreadingModel="both" />
        <ActivatableClass ActivatableClassId="Microsoft.UI.Xaml.Controls.IconSource" ThreadingModel="both" />
        <ActivatableClass ActivatableClassId="Microsoft.UI.Xaml.Controls.PathIconSource" ThreadingModel="both" />
        <ActivatableClass ActivatableClassId="Microsoft.UI.Xaml.Controls.SwipeControl" ThreadingModel="both" />
        <ActivatableClass ActivatableClassId="Microsoft.UI.Xaml.Controls.MenuBarItemFlyout" ThreadingModel="both" />
        <ActivatableClass ActivatableClassId="Microsoft.UI.Xaml.Controls.VirtualizingLayoutContext" ThreadingModel="both" />
        <ActivatableClass ActivatableClassId="Microsoft.UI.Xaml.Controls.RecyclingElementFactory" ThreadingModel="both" />
        <ActivatableClass ActivatableClassId="Microsoft.UI.Xaml.Controls.ParallaxView" ThreadingModel="both" />
        <ActivatableClass ActivatableClassId="Microsoft.UI.Xaml.Controls.RadioButtons" ThreadingModel="both" />
        <ActivatableClass ActivatableClassId="Microsoft.UI.Xaml.Controls.StackLayoutState" ThreadingModel="both" />
        <ActivatableClass ActivatableClassId="Microsoft.UI.Xaml.Controls.Layout" ThreadingModel="both" />
        <ActivatableClass ActivatableClassId="Microsoft.UI.Xaml.Controls.ElementFactory" ThreadingModel="both" />
        <ActivatableClass ActivatableClassId="Microsoft.UI.Xaml.Controls.RatingItemInfo" ThreadingModel="both" />
        <ActivatableClass ActivatableClassId="Microsoft.UI.Xaml.Controls.ScrollView" ThreadingModel="both" />
        <ActivatableClass ActivatableClassId="Microsoft.UI.Xaml.Controls.StackLayout" ThreadingModel="both" />
        <ActivatableClass ActivatableClassId="Microsoft.UI.Xaml.Controls.TabViewItemTemplateSettings" ThreadingModel="both" />
        <ActivatableClass ActivatableClassId="Microsoft.UI.Xaml.Controls.SwipeItem" ThreadingModel="both" />
        <ActivatableClass ActivatableClassId="Microsoft.UI.Xaml.Controls.InfoBar" ThreadingModel="both" />
        <ActivatableClass ActivatableClassId="Microsoft.UI.Xaml.Controls.LayoutPanel" ThreadingModel="both" />
        <ActivatableClass ActivatableClassId="Microsoft.UI.Xaml.Controls.PersonPicture" ThreadingModel="both" />
        <ActivatableClass ActivatableClassId="Microsoft.UI.Xaml.Controls.SplitButton" ThreadingModel="both" />
        <ActivatableClass ActivatableClassId="Microsoft.UI.Xaml.Controls.ToggleSplitButton" ThreadingModel="both" />
        <ActivatableClass ActivatableClassId="Microsoft.UI.Xaml.Controls.FontIconSource" ThreadingModel="both" />
        <ActivatableClass ActivatableClassId="Microsoft.UI.Xaml.Controls.NavigationViewTemplateSettings" ThreadingModel="both" />
        <ActivatableClass ActivatableClassId="Microsoft.UI.Xaml.Controls.InfoBarClosingEventArgs" ThreadingModel="both" />
        <ActivatableClass ActivatableClassId="Microsoft.UI.Xaml.Controls.TextCommandBarFlyout" ThreadingModel="both" />
        <ActivatableClass ActivatableClassId="Microsoft.UI.Xaml.Controls.TreeViewItem" ThreadingModel="both" />
        <ActivatableClass ActivatableClassId="Microsoft.UI.Xaml.Controls.NavigationViewItemInvokedEventArgs" ThreadingModel="both" />
        <ActivatableClass ActivatableClassId="Microsoft.UI.Xaml.Controls.ProgressRing" ThreadingModel="both" />
        <ActivatableClass ActivatableClassId="Microsoft.UI.Xaml.Controls.MenuBar" ThreadingModel="both" />
        <ActivatableClass ActivatableClassId="Microsoft.UI.Xaml.Controls.LayoutContext" ThreadingModel="both" />
        <ActivatableClass ActivatableClassId="Microsoft.UI.Xaml.Controls.NavigationViewItem" ThreadingModel="both" />
        <ActivatableClass ActivatableClassId="Microsoft.UI.Xaml.Controls.Expander" ThreadingModel="both" />
        <ActivatableClass ActivatableClassId="Microsoft.UI.Xaml.Controls.TabViewItem" ThreadingModel="both" />
        <ActivatableClass ActivatableClassId="Microsoft.UI.Xaml.Controls.AnimatedVisualPlayer" ThreadingModel="both" />
        <ActivatableClass ActivatableClassId="Microsoft.UI.Xaml.Controls.BitmapIconSource" ThreadingModel="both" />
        <ActivatableClass ActivatableClassId="Microsoft.UI.Xaml.Controls.TabView" ThreadingModel="both" />
        <ActivatableClass ActivatableClassId="Microsoft.UI.Xaml.Controls.RecyclePool" ThreadingModel="both" />
        <ActivatableClass ActivatableClassId="Microsoft.UI.Xaml.Controls.TreeViewItemTemplateSettings" ThreadingModel="both" />
        <ActivatableClass ActivatableClassId="Microsoft.UI.Xaml.Controls.DropDownButton" ThreadingModel="both" />
        <ActivatableClass ActivatableClassId="Microsoft.UI.Xaml.Controls.RatingControl" ThreadingModel="both" />
        <ActivatableClass ActivatableClassId="Microsoft.UI.Xaml.Controls.NonVirtualizingLayout" ThreadingModel="both" />
        <ActivatableClass ActivatableClassId="Microsoft.UI.Xaml.Controls.RatingItemImageInfo" ThreadingModel="both" />
        <ActivatableClass ActivatableClassId="Microsoft.UI.Xaml.Controls.InfoBarTemplateSettings" ThreadingModel="both" />
        <ActivatableClass ActivatableClassId="Microsoft.UI.Xaml.Controls.SelectionModel" ThreadingModel="both" />
        <ActivatableClass ActivatableClassId="Microsoft.UI.Xaml.Controls.RefreshVisualizer" ThreadingModel="both" />
        <ActivatableClass ActivatableClassId="Microsoft.UI.Xaml.Controls.CommandBarFlyout" ThreadingModel="both" />
        <ActivatableClass ActivatableClassId="Microsoft.UI.Xaml.Controls.NavigationViewItemHeader" ThreadingModel="both" />
        <ActivatableClass ActivatableClassId="Microsoft.UI.Xaml.Controls.XamlControlsResources" ThreadingModel="both" />
        <ActivatableClass ActivatableClassId="Microsoft.UI.Xaml.Controls.NavigationViewItemBase" ThreadingModel="both" />
        <ActivatableClass ActivatableClassId="Microsoft.UI.Xaml.Controls.RefreshContainer" ThreadingModel="both" />
        <ActivatableClass ActivatableClassId="Microsoft.UI.Xaml.Controls.TwoPaneView" ThreadingModel="both" />
      </InProcessServer>
    </Extension>
    <Extension Category="windows.activatableClass.inProcessServer">
      <InProcessServer>
        <Path>TerminalApp.dll</Path>
        <ActivatableClass ActivatableClassId="TerminalApp.ShortcutActionDispatch" ThreadingModel="both" />
        <ActivatableClass ActivatableClassId="TerminalApp.TerminalPage" ThreadingModel="both" />
        <ActivatableClass ActivatableClassId="TerminalApp.HighlightedText" ThreadingModel="both" />
        <ActivatableClass ActivatableClassId="TerminalApp.CommandPalette" ThreadingModel="both" />
        <ActivatableClass ActivatableClassId="TerminalApp.AppKeyBindings" ThreadingModel="both" />
        <ActivatableClass ActivatableClassId="TerminalApp.TerminalTabStatus" ThreadingModel="both" />
        <ActivatableClass ActivatableClassId="TerminalApp.PaletteItem" ThreadingModel="both" />
        <ActivatableClass ActivatableClassId="TerminalApp.AppLogic" ThreadingModel="both" />
        <ActivatableClass ActivatableClassId="TerminalApp.TabHeaderControl" ThreadingModel="both" />
        <ActivatableClass ActivatableClassId="TerminalApp.CommandLinePaletteItem" ThreadingModel="both" />
        <ActivatableClass ActivatableClassId="TerminalApp.PaletteItemTemplateSelector" ThreadingModel="both" />
        <ActivatableClass ActivatableClassId="TerminalApp.ColorPickupFlyout" ThreadingModel="both" />
        <ActivatableClass ActivatableClassId="TerminalApp.App" ThreadingModel="both" />
        <ActivatableClass ActivatableClassId="TerminalApp.EmptyStringVisibilityConverter" ThreadingModel="both" />
        <ActivatableClass ActivatableClassId="TerminalApp.TabRowControl" ThreadingModel="both" />
        <ActivatableClass ActivatableClassId="TerminalApp.MinMaxCloseControl" ThreadingModel="both" />
        <ActivatableClass ActivatableClassId="TerminalApp.TaskbarState" ThreadingModel="both" />
        <ActivatableClass ActivatableClassId="TerminalApp.TabBase" ThreadingModel="both" />
        <ActivatableClass ActivatableClassId="TerminalApp.TabPaletteItem" ThreadingModel="both" />
        <ActivatableClass ActivatableClassId="TerminalApp.HighlightedTextSegment" ThreadingModel="both" />
        <ActivatableClass ActivatableClassId="TerminalApp.XamlMetaDataProvider" ThreadingModel="both" />
        <ActivatableClass ActivatableClassId="TerminalApp.ActionPaletteItem" ThreadingModel="both" />
        <ActivatableClass ActivatableClassId="TerminalApp.HighlightedTextControl" ThreadingModel="both" />
        <ActivatableClass ActivatableClassId="TerminalApp.TitlebarControl" ThreadingModel="both" />
        <ActivatableClass ActivatableClassId="TerminalApp.FilteredCommand" ThreadingModel="both" />
      </InProcessServer>
    </Extension>
  </Extensions>
  <build:Metadata>
    <build:Item Name="Microsoft.Build.DesktopBridge.Tasks.dll" Version="4.6.30319.200" />
    <build:Item Name="TargetFrameworkMoniker" Value=".NETFramework,Version=v4.5.1" />
    <build:Item Name="VisualStudio" Version="16.0" />
    <build:Item Name="OperatingSystem" Version="10.0.17763.1 (WinBuild.160101.0800)" />
    <build:Item Name="Microsoft.Build.AppxPackage.dll" Version="16.0.31603.221" />
    <build:Item Name="ProjectGUID" Value="CA5CAD1A-224A-4171-B13A-F16E576FDD12" />
    <build:Item Name="MakePri.exe" Version="10.0.19041.685 (WinBuild.160101.0800)" />
  </build:Metadata>
  <mp:PhoneIdentity PhoneProductId="43878781-e1d0-4e2e-ae17-c4b63c8fb084" PhonePublisherId="95d94207-0c7c-47ed-82db-d75c81153c35" />
</Package>